"id","created_at","text","label"
"575736693820514304","Wed Mar 11 19:14:59 +0000 2015","Cyclone Nathan remains Cat 2, but conditions are deteriorating on the FNQ Coast as he enters the stalling phase... http://t.co/Ji9MGQ9BQB","Caution and advice"
"576324757471232000","Fri Mar 13 10:11:44 +0000 2015","‚Äú@abcNorthwestwa: Flooding in #Carnarvon #TCOlwyn #CycloneOlwyn http://t.co/crnfVwCzmK http://t.co/wLxCuLcMcj‚Äù #nogood #cyclone #allthatfood","Infrastructure and utilities"
"576344945780461568","Fri Mar 13 11:31:57 +0000 2015","Residents on remote islands have been alerted by text msgs from Vanuatu‚Äôs National Disaster Mmgt Office http://t.co/5YOjxEIw5X #CyclonePam","Caution and advice"
"576345598397259776","Fri Mar 13 11:34:33 +0000 2015","Photo: Eye of Cyclone Pam nears Vanuatu, winds at 160 mph - @bbcweather: Photo: Eye of Cyclone Pam nears Vanua... http://t.co/HJXJU02Qb9","Caution and advice"
"575736037986578433","Wed Mar 11 19:12:22 +0000 2015","#TCNathan: our first ever tropical cyclone @mycooktown heavy rain all night, waiting for first light","Other relevant information"
"576334008298115073","Fri Mar 13 10:48:30 +0000 2015","Huge cyclone bears down on tiny nation of Vanuatu http://t.co/BI45ZphS76 http://t.co/PtEzsOFCpE","Other relevant information"
"576331469775306752","Fri Mar 13 10:38:24 +0000 2015","Oxfam now preparing to respond to #CyclonePam after it unexpectedly veered west placing number of Vanuatu‚Äôs islands directly in eye of storm","Volunteer or professional services"
"576329137805127680","Fri Mar 13 10:29:08 +0000 2015","Talent : Misdirection, Cyclone Pass, Ignite Pass, Vanishing Drive, Phantom Shot #bot","Not related or irrelevant"
"576327226687246336","Fri Mar 13 10:21:33 +0000 2015","#TBH not feeling ok about the cyclone that's gonna be hitting Perth! 

#FeelingScared üò®üòï","Not related or irrelevant"
"576348760432775168","Fri Mar 13 11:47:07 +0000 2015","For Sale: Mercury : Comet CYCLONE GT - 406 V-8 - 4SPD‚Ä¶ http://t.co/bzBfmkgTLF #usa #classiccars #cars #carsforsale http://t.co/0gSVd7UAA3","Not related or irrelevant"
"575736502006603776","Wed Mar 11 19:14:13 +0000 2015","12/05:05 EST Tropical Cyclone Advice for TC Nathan http://t.co/s7VUHvvoM4","Caution and advice"
"576344514610200576","Fri Mar 13 11:30:14 +0000 2015","LATEST INFO Cat5 #CyclonePam #Pam hitting #PortVila, #Efate Island #Vanuatu 
https://t.co/zdD3oM6iAH #Pam #hurricane http://t.co/UJOFgPaHJR","Caution and advice"
"576333099790790656","Fri Mar 13 10:44:53 +0000 2015","For School buildings Repairs (Damaged in Hud Hud Cyclone) 50% amount released into SMC accounts.
-Gangadhar","Not related or irrelevant"
"576340146385121280","Fri Mar 13 11:12:53 +0000 2015","@natsforbes You‚Äôll be starting to get rain from the cyclone that blew through here yesterday.","Not related or irrelevant"
"576344661335281664","Fri Mar 13 11:30:49 +0000 2015","Good luck Vanuatu.","Sympathy and emotional support"
"576352922419658752","Fri Mar 13 12:03:39 +0000 2015","Hope the folks in #Vanuatu keep safe and remain well.","Sympathy and emotional support"
"576330278009901056","Fri Mar 13 10:33:40 +0000 2015","250 to 270 km winds hitting Vanuatu tonight. @UNOCHA reporting #CyclonePam ""extremely destructive"" and those in its path ""in great danger.""","Caution and advice"
"576350021186142210","Fri Mar 13 11:52:07 +0000 2015","That said, be safe, Vanuatu.","Sympathy and emotional support"
"576353289903562752","Fri Mar 13 12:05:07 +0000 2015","See latest updates from #Vanuatu's weather service here: http://t.co/BQHVSg5cEr #TCPam #CyclonePam","Caution and advice"
"576341007366754304","Fri Mar 13 11:16:18 +0000 2015","If there is one place on Earth you don't want to be right now it's Port Vila, Vanuatu; unless you like getting destroyed by a Cat 5 cyclone.","Not related or irrelevant"
"576328281324175360","Fri Mar 13 10:25:44 +0000 2015","Wishing everyone at Vanuatu to stay safe. Especially #VanuatuRowing. #TC_Pam","Sympathy and emotional support"
"576335781024808960","Fri Mar 13 10:55:32 +0000 2015","Follow @Colincvr  @OxfamAustralia @HelenSzoke for news and updates on #tcpam #cyclonepam. Staka thoughts lo iufala fren ni vanuatu","Sympathy and emotional support"
"575736803677761536","Wed Mar 11 19:15:25 +0000 2015","Advice from BOM: Cyclone Nathan category 2, moving slowly southwest towards the coast #tcnathan #TCNathan #bigwet http://t.co/tfV7pfhPNJ","Caution and advice"
"576333430620704768","Fri Mar 13 10:46:12 +0000 2015","Chevron workers sleep on concrete floor as cyclone Olwyn rips through: Workers at Chevron's Wheatstone project in‚Ä¶ http://t.co/jNFjqI6NZy","Not related or irrelevant"
"576346624508579840","Fri Mar 13 11:38:37 +0000 2015","Vanuatu Braces For Cyclone¬†Pam http://t.co/m4JDnLMnBL","Caution and advice"
"576329516311818240","Fri Mar 13 10:30:39 +0000 2015","PORT VILA, Vanuatu (AP) ‚Äî The small Pacific archipelago of Vanuatu is urging people to tak #green http://t.co/PcoFHuGL41","Caution and advice"
"576335718785527809","Fri Mar 13 10:55:17 +0000 2015","@PebblesHooper beware cyclone sausage!?","Not related or irrelevant"
"576352627451101184","Fri Mar 13 12:02:29 +0000 2015","@paulwaugh Taliban+Al-Qaeda wouldn't have grown if not for MI6/CIA Operation Cyclone~https://t.co/WP5ACChfwI Record Opium yield now~Why?","Not related or irrelevant"
"576334938183634944","Fri Mar 13 10:52:11 +0000 2015","#Sydney #Bendigo Pages - 12 March 2015‚ÄîFurther assistance for cyclone-affected Queensland communities: The Hon...  http://t.co/W0MnVS3JSK","Not related or irrelevant"
"576342510345158656","Fri Mar 13 11:22:17 +0000 2015","Amazing stuff:  #Vanuatu getting hit hard: http://t.co/jIALB1AQ9R #StaySafe #PortVilla","Caution and advice"
"576337672244981760","Fri Mar 13 11:03:03 +0000 2015","Cyclone Pam ploughs through Pacific http://t.co/SC6UaMOtyy","Other relevant information"
"576322420002463744","Fri Mar 13 10:02:27 +0000 2015","#TCOlwyn Just Been Downgraded To A Cat 2 Cyclone As It Approaches #SharkBay It Will Continue Weakening Overnight Down To Cat 1 At #Geraldton","Not related or irrelevant"
"575736452413136897","Wed Mar 11 19:14:01 +0000 2015","Tropical Cyclone Nathan now a Category Two, will strengthen further http://t.co/QJxHw3DEbS","Caution and advice"
"576345714390884352","Fri Mar 13 11:35:00 +0000 2015","The UN says people who didn't heed warnings could be worst off as #cyclonepam hits #vanuatu @unocha_rop Updates on #theworld #abcnews24","Sympathy and emotional support"
"576347489294417920","Fri Mar 13 11:42:04 +0000 2015","@HigginsStormCh thoughts and prayers with Vanuatu","Sympathy and emotional support"
"576351826422992896","Fri Mar 13 11:59:18 +0000 2015","[‚ÄúBBC News‚Äù]Cyclone Pam bears down on South Pacificbbc.in [hahatitle=‚Äù""My hotel is shaking""‚Äù]  http://t.co/hodRQCt4Ny","Personal updates"
"576347728961110016","Fri Mar 13 11:43:01 +0000 2015","Hams, keep an ear open for YJ Vanuatu stns. Cyclone Pam making a mess. Try 20/15/10m, smaller antennas might survive.  #hamr #hamradio","Caution and advice"
"576328227607736320","Fri Mar 13 10:25:31 +0000 2015","the news is like Oh Fuck Cyclone! but then u check metservice forecast and its like yeah, few showers on sunday, no big deal","Not related or irrelevant"
"576339867702951936","Fri Mar 13 11:11:46 +0000 2015","Business interruption claims push cyclone Marcia damage bill higher: Insurance Council of Australia has said t... http://t.co/xc64KymnPR","Not related or irrelevant"
"576347885698195456","Fri Mar 13 11:43:38 +0000 2015","yeah so we're on a high alert for a cyclone coming my way so if I die, i want u at my funeral and I love u @alldaychubbyboy","Not related or irrelevant"
"576323042986475520","Fri Mar 13 10:04:55 +0000 2015","Stay safe, Vanuatu!","Sympathy and emotional support"
"576339094147457024","Fri Mar 13 11:08:42 +0000 2015","The posts on the Humans of Vanuatu page frankly look quite terrifying.","Not related or irrelevant"
"576351082286190593","Fri Mar 13 11:56:20 +0000 2015","Our thoughts are with you #Vanuatu hope you come out the other side of #TCPam okay! Listen to #radio #australia for updates!","Sympathy and emotional support"
"576332394363379712","Fri Mar 13 10:42:05 +0000 2015","Cyclone Rusty - Update 2 (03Z, 2/25) http://t.co/Sg0ziqrqxg","Not related or irrelevant"
"576327367645360128","Fri Mar 13 10:22:06 +0000 2015","#TCPam has strengthened to Cat 5 &amp; now threatens #Vanuatu. Evacuation alerts issued &amp; gusts of than 325km/h expected https://t.co/4JExVGJoXR","Caution and advice"
"576342630860124161","Fri Mar 13 11:22:45 +0000 2015","Govt. pushes for WB-aided cyclone-proof project http://t.co/KFRxrnL76c","Not related or irrelevant"
"576336570174689280","Fri Mar 13 10:58:40 +0000 2015","thoughts are with Vanuatu. what a monster. stay safe and strong. #CyclonePam","Sympathy and emotional support"
"576351003252916224","Fri Mar 13 11:56:01 +0000 2015","#WA #TropicalCyclone #Advice #TcJack #CTCorp  NUMBER 44 7:50 pm WST   TROPICAL CYCLONE ADVICE NUMBER 44
Issued at... http://t.co/G9kgwrFyWv","Caution and advice"
"576350072851451904","Fri Mar 13 11:52:20 +0000 2015","Cyclone Olwyn weakens but destructive winds still hitting coastal WA http://t.co/wiET2zSeCM #perthnews","Caution and advice"
"576349905524011009","Fri Mar 13 11:51:40 +0000 2015","Cyclone Pam ploughs through Pacific http://t.co/4ixNg0N0Hz","Other relevant information"
"576353522247159808","Fri Mar 13 12:06:02 +0000 2015","For #CyclonePam updates follow our Vanuatu Country Director @Colincvr. Media contact @Hohenboken To donate http://t.co/61wUjPURUf","Caution and advice"
"576343844427550720","Fri Mar 13 11:27:35 +0000 2015","Let's hope our Onion in Chief is as gung ho &amp; bolshie about sending troops to Vanuatu &amp; surrounds. Death Cult of another kind. #CyclonePam","Not related or irrelevant"
"576342027182456832","Fri Mar 13 11:20:21 +0000 2015","‚Äú@davekiwipom: @LeonAndJune have a great day were going to Tauranga for weekend before cyclone pam gets here...x‚Äù love Tauranga?","Not related or irrelevant"
"576353502957428736","Fri Mar 13 12:05:57 +0000 2015","#SouthPacific's #Vanuatu braces itself for #CyclonePam http://t.co/3vnCoOLSRZ","Caution and advice"
"576348116103790592","Fri Mar 13 11:44:33 +0000 2015","Nichola Krey @savechildrenaus Humanitarian Head &amp; former #Vanuatu County Director on @SkyNewsAust at 11pm on likely impact as #TCPam hits","Other relevant information"
"576351374952235008","Fri Mar 13 11:57:30 +0000 2015","Eyewall of Cat. 5 #Cyclone #Pam now lashing Efate Island, #Vanuatu, including the capital of Port Vila. http://t.co/MgZ3fo7imK","Other relevant information"
"576326787652784128","Fri Mar 13 10:19:48 +0000 2015","Cyclone Pam ploughs through Pacific http://t.co/ol48o6gzXw","Other relevant information"
"576323219445035009","Fri Mar 13 10:05:37 +0000 2015","Flooding in Vanuatu as cyclone hits maximum strength - Daily Mail http://t.co/CrPb0AjbGY #PrayForVhongNavarro","Sympathy and emotional support"
"576330789899657216","Fri Mar 13 10:35:42 +0000 2015","""Possibly windy."" ‚ÄúCyclone possible.‚Äù #understatedescalation from BoM. #geraldton #midwestwa #TCOlwyn #westernaustr‚Ä¶ http://t.co/GtZ3hllJfd","Not related or irrelevant"
"576337082072727552","Fri Mar 13 11:00:42 +0000 2015","Listening to FM107 for updates on #CyclonePam on http://t.co/ZHhCahKNvB #staysafe #vanuatu","Caution and advice"
"576345153520017408","Fri Mar 13 11:32:47 +0000 2015","Geraldton sunset pre-cyclone #Olwyn http://t.co/mIR2UZWZUb","Not related or irrelevant"
"576352337561849856","Fri Mar 13 12:01:20 +0000 2015","VIDEO: Cyclone Pam: 'My hotel is shaking' http://t.co/CAMoLg1TM2","Personal updates"
"576332040460718080","Fri Mar 13 10:40:40 +0000 2015","Team concerned not enough being done to evacuate children to safety as #CyclonePam heads towards #Vanuatu http://t.co/sZVrVVKjsG","Displaced people"
"576340056773955584","Fri Mar 13 11:12:32 +0000 2015","perth: Maybe it's the cyclone, but where's all the trees? http://t.co/j1tAa8Mwhn","Not related or irrelevant"
"576332956177817600","Fri Mar 13 10:44:19 +0000 2015","More like LAMEclone! Amirite?! üôå #gerostorm #cyclone #olwyn http://t.co/yXPiSoB273","Not related or irrelevant"
"576323529928388608","Fri Mar 13 10:06:51 +0000 2015","VIDEO: Cyclone Pam: 'My hotel is shaking' http://t.co/AAy5doZnDK","Personal updates"
"576343692736225280","Fri Mar 13 11:26:58 +0000 2015","Whenever it comes to public service, the country looks towards #BSNL. It has been proven during Kashmir floods and Andhra Cyclone.","Not related or irrelevant"
"576340057583411200","Fri Mar 13 11:12:32 +0000 2015","With Cyclone Olwyn wreaking havoc north of Perth, we are finally getting some much-needed rain. Yes, sunset has to... http://t.co/rfJW5ENpOU","Not related or irrelevant"
"576352044082196480","Fri Mar 13 12:00:10 +0000 2015","Help the victimes of #CyclonePAM . It's hitting South Pacific, Kiribati, Solomon Islands, #VANUATU
https://t.co/6zUWzkVCsn","Money"
"576325219536625665","Fri Mar 13 10:13:34 +0000 2015","Thinking of our friends. ‚Äú@Oxfam: #CyclonePam Category 5 (165mph winds)red alert in Vanuatu http://t.co/nSk59kOaJT http://t.co/dIjXSh8Duo‚Äù","Sympathy and emotional support"
"576324911922204672","Fri Mar 13 10:12:21 +0000 2015","Residents Seek Shelter as Cyclone Pam Bears Down on VanuatuThe coastline near Melsisihcregan http://t.co/cS4WCedlAg","Displaced people"
"576322735011471360","Fri Mar 13 10:03:42 +0000 2015","#Cyclone #Cat3 #Olwyn @ Carnarvon Wa 6701 https://t.co/om1naY4Z1q","Not related or irrelevant"
"576326676537221120","Fri Mar 13 10:19:21 +0000 2015","Cyclone warning.  http://t.co/7VE3CZyy3H","Caution and advice"
"576328571620298752","Fri Mar 13 10:26:53 +0000 2015","Live updates: Super Cyclone Pam (with images, tweets) ¬∑ UNICEFNZ ¬∑ Storify - http://t.co/D7q22dwrdG","Caution and advice"
"576352009722294272","Fri Mar 13 12:00:01 +0000 2015","Stay safe #Vanuatu","Sympathy and emotional support"
"576337548403834880","Fri Mar 13 11:02:34 +0000 2015","Here's how the weather looks a thousand miles from a force five cyclone.. hope Vanuatu is OK... #cyclonepam #niue http://t.co/7jYXWehKQM","Not related or irrelevant"
"576352016462659584","Fri Mar 13 12:00:03 +0000 2015","At Virtues Cyclone Maryland Wells DeMarco For Are Higher Central","Not related or irrelevant"
"576343114463363072","Fri Mar 13 11:24:41 +0000 2015","Hang in there #Vanuatu.","Sympathy and emotional support"
"576335650397380608","Fri Mar 13 10:55:01 +0000 2015","15m waves with 250Km/h wind behind them, plus a 5m storm surge. Don't pray for Vanuatu, send cash to rebuild homes and roads.","Caution and advice"
"576428649282310144","Fri Mar 13 17:04:34 +0000 2015","Have Mercy, Pam http://t.co/dOG3lNGipv","Other relevant information"
"576432318283423744","Fri Mar 13 17:19:08 +0000 2015","MT @PacIsLiving 2hrs ago, #Vanuatu-Efate still feeling hurricane force winds. Some communication returning #TCPam #CyclonePam #hmrd via ^ac","Caution and advice"
"576426541883621377","Fri Mar 13 16:56:11 +0000 2015","mental illness parin bottomline hy. baka God's way of helping Pam :))) hi pam lol","Not related or irrelevant"
"576429486574469120","Fri Mar 13 17:07:53 +0000 2015","#TCPam #Vanuatu from @CNN Flimsy buildings, great concern for residents safety. 
http://t.co/mmLB1hhia6 #CylconePam","Other relevant information"
"576421558761160705","Fri Mar 13 16:36:23 +0000 2015","Flooding in Vanuatu as cyclone hits maximum strength | @scoopit http://t.co/nT5u6JnQQe","Other relevant information"
"576365144961339392","Fri Mar 13 12:52:13 +0000 2015","TROPICAL CYCLONE ADVICE NUMBER 26
Issued at 10:44 pm EST on Friday 13 March 2015
Headline:
Cyclone Nathan remains... http://t.co/DY4sQrOFbA","Caution and advice"
"576431148508831744","Fri Mar 13 17:14:30 +0000 2015","@PamCruickshank I'm so sorry you're not getting the support you need right now Pam, I understand it must be upsetting for you. ^AR","Not related or irrelevant"
"576359145173098496","Fri Mar 13 12:28:23 +0000 2015","Amazing pics of Super Cyclone #Pam http://t.co/GqN5gHSEXF","Caution and advice"
"576363439888547841","Fri Mar 13 12:45:27 +0000 2015","Cyclone Pam 'sounds like a freight train' - Herald Sun http://t.co/VCfeb6WhPP #Gabriela","Not related or irrelevant"
"576356091753185280","Fri Mar 13 12:16:15 +0000 2015","Cyclone!","Not related or irrelevant"
"576421746988982272","Fri Mar 13 16:37:08 +0000 2015","random s/o to mama pam just cause she's the best. #loveher http://t.co/d8EclaS8sH","Not related or irrelevant"
"576422707841097728","Fri Mar 13 16:40:57 +0000 2015","One of my favorite @McDanielCollege professors, Pam Regis (@mcd_romance) was quoted in this article! http://t.co/lh5gFwm0P6 @McDanielEnglish","Not related or irrelevant"
"576366241998319616","Fri Mar 13 12:56:35 +0000 2015","TROPICAL CYCLONE NATHAN ADVICE 

***************************************************************************... http://t.co/3wZvJ2QNCl","Caution and advice"
"576362132025032704","Fri Mar 13 12:40:15 +0000 2015","Shit scared for my brother who lives in a remote-ish coastal area of Vanuatu. If i get any sleep i really need to wake up to good news.","Sympathy and emotional support"
"576432415230402561","Fri Mar 13 17:19:32 +0000 2015","ENJOYING SUPER HIT CYCLONE OF ENTERTAINMENT AND ACTION
OF HIS MAJESTY EMPEROR SALMAN KHAN
OF YEAR 2004
GARV PRIDE AND HONOUR
ON UTV MOVIES","Not related or irrelevant"
"576429619722772480","Fri Mar 13 17:08:25 +0000 2015","'Cyclone PAM leaving a trail of devastation in Pacific Ocean http://t.co/CkHyTrXQvi","Other relevant information"
"576356177933529088","Fri Mar 13 12:16:35 +0000 2015","Bearcat game day and Cyclone game day! It doesn't get any better than that!","Not related or irrelevant"
"576364659403522048","Fri Mar 13 12:50:17 +0000 2015","#Vanuatu #TCPam #CyclonePam 
Direct hit http://t.co/8Bq0oRrt4H","Caution and advice"
"576355966876270593","Fri Mar 13 12:15:45 +0000 2015","#Cyclone Olwyn downgraded to category 2 as it continues to track down Australia's coast - @thewest_com_au http://t.co/yfFxsF9S8P","Not related or irrelevant"
"576365433600638978","Fri Mar 13 12:53:22 +0000 2015","""Very destructive winds &amp; very rough to phenomenal seas"" with #CyclonePam says Vanuatu Met Service with latest update http://t.co/M3oeX0J8Nw","Caution and advice"
"576429654187249664","Fri Mar 13 17:08:33 +0000 2015","The island nation of Vanuatu is getting slammed by a terrifying cyclone: Share
Tap image to zoomMSAT imager... http://t.co/EStqkhZ0Z4","Caution and advice"
"576421907672760320","Fri Mar 13 16:37:46 +0000 2015","'Cyclone PAM leaving a trail of devastation in Pacific Ocean http://t.co/ZxvBv3DYIL","Other relevant information"
"576357239948066816","Fri Mar 13 12:20:48 +0000 2015","OxfamInVanuatu: sad that it takes #CyclonePam for the world to notice vanuatu. Time for #VoiceForVanuatu now.","Sympathy and emotional support"
"576358462998724608","Fri Mar 13 12:25:40 +0000 2015","Thinking of you #Vanuatu stay safe!!üôè #CyclonePam","Sympathy and emotional support"
"576424618853998592","Fri Mar 13 16:48:33 +0000 2015","Several homes and a school classroom were destroyed and crops were flooded ~Solomon Islands Broadcasting Corporation http://t.co/vJQDjc0Pbr","Infrastructure and utilities"
"576362544811528192","Fri Mar 13 12:41:53 +0000 2015","Cyclone Pam Hits Vanuatu: WELLNGTON, New Zealand (AP) -- An extremely powerful cyclone blew over islands in th... http://t.co/6VzFwf9waR","Caution and advice"
"576361469115158528","Fri Mar 13 12:37:37 +0000 2015","Cannot imagine what they're facing in Port Villa but hope&amp;pray no lives are lost and Cyclone Pam has mercy on themüôèüëÜ #jesustakethewheel","Sympathy and emotional support"
"576431420752683008","Fri Mar 13 17:15:34 +0000 2015","4.6 earthquake! Fri Mar 13 00:08:57 EET 2015 near 187km W of Ile Hunter, New Caledonia http://t.co/JCjLM511Nc","Not related or irrelevant"
"576430193348329473","Fri Mar 13 17:10:42 +0000 2015","Hey @bernier9 are you sure you want to marry me?! #CyclonePam #watchout http://t.co/5wj7AqcLQk","Not related or irrelevant"
"576428649710166016","Fri Mar 13 17:04:34 +0000 2015","Worst may be past for Port Vila - pressure suggests maybe not a direct hit, but bad; spare a thought for all Vanuatu http://t.co/aVIXXYBlJ3","Caution and advice"
"576363396406190080","Fri Mar 13 12:45:16 +0000 2015","I think we should all plan a holiday to Vanuatu to help their economy - when it's safe. #CyclonePam #TCPam #Vanuatu #StaySafe","Sympathy and emotional support"
"576427931930632192","Fri Mar 13 17:01:43 +0000 2015","Pum pum pamüéß","Not related or irrelevant"
"576423650808741888","Fri Mar 13 16:44:42 +0000 2015","Severe TC ""Pam"" is crossing Vanuatu with a central pressure of 899 hPa,
sustained winds of 250 km/hr knots close to the centre","Other relevant information"
"576364967093403648","Fri Mar 13 12:51:31 +0000 2015","@Colincvr Vanuatu has the most amazing people. Keep us posted on your response plans. Good luck &amp; stay safe.","Not related or irrelevant"
"576423752675684352","Fri Mar 13 16:45:06 +0000 2015","@toobachick We approve, Pam. This is how it's done.","Not related or irrelevant"
"576428271862202368","Fri Mar 13 17:03:04 +0000 2015","@KingTeeJay hell yea shit good so far. Pam as a Muslim is too funny.","Not related or irrelevant"
"576367369410465792","Fri Mar 13 13:01:03 +0000 2015","#CyclonePam: Flooding, destructive winds as category five storm bears down on Vanuatu http://t.co/QfDjm3lw0D","Other relevant information"
"576366648308862976","Fri Mar 13 12:58:11 +0000 2015","#South Pacific's #Vanuatu #Braces #Itself for #Cyclone Pam
http://t.co/wYfgXiW35C #Pacifics http://t.co/dRQ01QWJK2","Caution and advice"
"576359856522821633","Fri Mar 13 12:31:12 +0000 2015","Small Pacific nation of Vanuatu hit by powerful cyclone http://t.co/kzogqoMrHg","Caution and advice"
"576425382343258112","Fri Mar 13 16:51:35 +0000 2015","Playing Hunter Island https://t.co/sbknGGFQOk http://t.co/JhIwTo1T4y","Not related or irrelevant"
"576425272188207104","Fri Mar 13 16:51:09 +0000 2015","I refuse to watch the episodes of the office where Jim and Pam are not together or fighting bc I'll cry.","Not related or irrelevant"
"576354332553011200","Fri Mar 13 12:09:15 +0000 2015","Prayers for Vanuatu.üôè","Sympathy and emotional support"
"576425858430205952","Fri Mar 13 16:53:28 +0000 2015","Scary! Keep safe #Vanuatu #CyclonePam #TCPam http://t.co/rTr1Dggbdy","Sympathy and emotional support"
"576427601188782081","Fri Mar 13 17:00:24 +0000 2015","Tropical Cyclone... http://t.co/iogu61gK7X","Other relevant information"
"576360468266151937","Fri Mar 13 12:33:38 +0000 2015","Cyclone Pam ploughs through Pacific http://t.co/8RBeXZ9Dxd","Caution and advice"
"576423773974470656","Fri Mar 13 16:45:11 +0000 2015","and wind gusts to 350 kn/hr. An extensive clud band with thunderstorms is visible around Pam.","Other relevant information"
"576431900207640576","Fri Mar 13 17:17:29 +0000 2015","@chrystalgenet http://t.co/KQ5iZtvNUc http://t.co/hBWEhhBtoz Take a look at both of these! Might need somebody for both, if you're down!","Not related or irrelevant"
"576422101617344512","Fri Mar 13 16:38:33 +0000 2015","#CyclonePam. State of emergency declared in #Tuvalu after tidal surges wash  away houses and crops.  Our thoughts... http://t.co/Bm41q6dKLX","Caution and advice"
"576431684880625664","Fri Mar 13 17:16:37 +0000 2015","S
PAM","Not related or irrelevant"
"576353887889723392","Fri Mar 13 12:07:29 +0000 2015","At 10:00pm local time, Severe Tropical Cyclone PAM was located at 17.4 degrees South 168.7 degrees East. This is... http://t.co/1ZCTjGy0PO","Caution and advice"
"576356443156307968","Fri Mar 13 12:17:38 +0000 2015","Reading comments on @iCyclone Facebook page from those on #Vanuatu island of Efate. Pretty much going through hell right now. #CyclonePam","Personal updates"
"576427444846010368","Fri Mar 13 16:59:47 +0000 2015","May all life be preserved. More than 200,000 people at risk as Cyclone Pam bears down on #Vanuatu http://t.co/L9iKuaSOGB @YahooNews #weather","Sympathy and emotional support"
"576431401077075969","Fri Mar 13 17:15:30 +0000 2015","I met so many wonderful folks from Erromango while reporting in Vanuatu. Hold firm, Pastor Robbie and everybody else. #TCPam","Not related or irrelevant"
"576363665068138498","Fri Mar 13 12:46:20 +0000 2015","Click http://t.co/TklaHDy7NN:
*#VANUATU:SUPER CYCLONE #PAM(295kph)
 #EMAO #PELE #NGUNA #MOSO #LELEPA #KAKULA #ERETOKA http://t.co/aEKdtOmP1n","Caution and advice"
"576362114937270272","Fri Mar 13 12:40:11 +0000 2015","Current wind gusts with #Cyclone #Pam over #Vanuatu http://t.co/uXGSU79zBD","Caution and advice"
"576426144049733632","Fri Mar 13 16:54:36 +0000 2015","My sister sent me a snap of her campus visit with a Cyclone filter... They grow up so fast üò≠","Not related or irrelevant"
"576423994225614848","Fri Mar 13 16:46:04 +0000 2015","Tropical Cyclone PAM 3 http://t.co/r8D48CAJMf","Caution and advice"
"576430496172924928","Fri Mar 13 17:11:54 +0000 2015","#Cyclone #Pam Lashes #Vanuatu with Category 5 Winds  http://t.co/vAu1rww53K","Caution and advice"
"576421426627899392","Fri Mar 13 16:35:52 +0000 2015","@boatint please have a fundraiser at #LoroPianaSYR for our industry friends and people of #vanuatu #pam #cyclone they need our help #yag","Sympathy and emotional support"
"576354957915389952","Fri Mar 13 12:11:44 +0000 2015","@CainTess @VanuatuHumans @V4NU4TU @abcnews @ @MonishNand @abcnews #C5 PAM #Vanuatu in prayers across Islands tonight http://t.co/pMXTSUbk7q","Sympathy and emotional support"
"576427136275206144","Fri Mar 13 16:58:33 +0000 2015","'Vanuatu Monster' makes direct hit on island - http://t.co/XzpB1UtNNp","Other relevant information"
"576421974332698624","Fri Mar 13 16:38:02 +0000 2015","RT @PaulHBeckwith Monstrous Category 5 cyclone makes direct hit on tiny #Vanuatu http://t.co/r29uDSens4 via @mashable","Other relevant information"
"576429099004080129","Fri Mar 13 17:06:21 +0000 2015","#MostRead Pam steps out with 'new man' http://t.co/0amwkQgKUY","Not related or irrelevant"
"576421733344768000","Fri Mar 13 16:37:05 +0000 2015","Tropical Cyclone Pam slams Vanuatu capital: Tropical Cyclone Pam, one of the strongest storms seen in the South‚Ä¶ http://t.co/p0Mi9Ccr70","Other relevant information"
"576422487849832448","Fri Mar 13 16:40:05 +0000 2015","Getting my taxes done.He asked me where do i have time to do all these things: US Navy, Pam's Kitchen, Church, School, Landlord, &amp; live life","Not related or irrelevant"
"576430666633498624","Fri Mar 13 17:12:35 +0000 2015","Tropical Cyclone Pam menaces Vanuatu http://t.co/LeHoQOK0Pq","Other relevant information"
"576426347632988160","Fri Mar 13 16:55:25 +0000 2015","@hittheroadJAK no ma'm Pam. I do not hold him blame Xae and cutie!","Not related or irrelevant"
"576363198317654016","Fri Mar 13 12:44:29 +0000 2015","Hope the folk at St Mary Star of the Sea in Carnarvon have made it through Cyclone Olwyn with minimal damage.","Sympathy and emotional support"
"576358311618088960","Fri Mar 13 12:25:04 +0000 2015","Thinking of you Vanuatu http://t.co/QlYNOIRr6L","Sympathy and emotional support"
"576365175101468672","Fri Mar 13 12:52:20 +0000 2015","MT""@NOAASatellites: Latest MTSAT infrared imagery of Tropical Cyclone #Pam. Loop here http://t.co/RfkbAcRWQG http://t.co/8XDC5werSy"" #TCPam","Caution and advice"
"576422336397619201","Fri Mar 13 16:39:29 +0000 2015","RT @NOAASatellites: Visible and IR imagery of Cyclone #Pam taken around 0153 UTC. (March 12, 2015, 9:53 pm EDT) http://t.co/D0PHFfFLLw","Other relevant information"
"576421634090921984","Fri Mar 13 16:36:41 +0000 2015","@arthuree_ todo mundo de cyclone","Not related or irrelevant"
"576425798791401473","Fri Mar 13 16:53:14 +0000 2015","Monster storm hits Vanuatu http://t.co/9wYY2HPBgc #world #health","Caution and advice"
"576422428085215232","Fri Mar 13 16:39:50 +0000 2015","Pam's photographer is able and capable. Everyone needs someone like that.","Not related or irrelevant"
"576429767873937408","Fri Mar 13 17:09:00 +0000 2015","Wow...what a beast. #CyclonePam (Image via Mashable) http://t.co/CIGjLDpKH2","Caution and advice"
"576364654709993472","Fri Mar 13 12:50:16 +0000 2015","Better get ADF and aid ready for climate disaster in Vanuatu @JulieBishopMP","Not related or irrelevant"
"576421468227125249","Fri Mar 13 16:36:02 +0000 2015","Shelf cloud near Rhodes today noon. Photo by Panagiotis E. Mitrovgenis via Cyclone of Rhodes.

Shelf cloud œÉœÑŒ∑... http://t.co/2cEKicBymM","Not related or irrelevant"
"576429969393496064","Fri Mar 13 17:09:48 +0000 2015","Pamela Geller Calls Jon Stewart The 'Most Disgusting Jew On The Planet' http://t.co/KBo2tgLznh via @@libamericaorg","Not related or irrelevant"
"576366077116047360","Fri Mar 13 12:55:55 +0000 2015","MT @GlobalFundforWomen We need your help by raising awareness for #CyclonePam https://t.co/0iiG16uZK2 help by donating #Support4Pam""","Caution and advice"
"576364946088296448","Fri Mar 13 12:51:26 +0000 2015","@mrsunlawyer Vanuatu is an island nation in the middle of the Pacific. Let's #PrayForVanuatu @CQ1016","Sympathy and emotional support"
"576421740701573120","Fri Mar 13 16:37:07 +0000 2015","Tropical Cyclone Olwyn landfalls as NASA's Terra satellite flies overhead #science http://t.co/6W0z9NUIJJ http://t.co/Q5Hf5L4KHj","Other relevant information"
"576429807665225728","Fri Mar 13 17:09:10 +0000 2015","‚ûü #cycloneOlwyn Chevron workers slept on concrete floor, cardboard as cyclone Ol‚ûü http://t.co/ey8csrd7ti","Not related or irrelevant"
"576355505771253760","Fri Mar 13 12:13:55 +0000 2015","@gem_k Hi, please share and raise awaireness ! https://t.co/6zUWzkVCsn","Not related or irrelevant"
"576431776349868032","Fri Mar 13 17:16:59 +0000 2015","@debraoakland @kati_lepisto Hi Debra, Indeed she is! Warm Hugs, Pam","Not related or irrelevant"
"576354757071233024","Fri Mar 13 12:10:56 +0000 2015","#SouthPacificOcean #Maritime #Shipping #Wx #News/ Severe Tropical #Cyclone #PAM CAT5 #17P #HURRICANE WARNING 030... http://t.co/5I50Xqmsc1","Caution and advice"
"576431771140620288","Fri Mar 13 17:16:58 +0000 2015","MT @weatherchannel: A red alert has been issued as #CyclonePam lashes #Vanuatu. Here's the latest (cont) http://t.co/WL7Ov5cnod","Caution and advice"
"576433585391067139","Fri Mar 13 17:24:11 +0000 2015","Flooding in Vanuatu as cyclone hits with maximum strength http://t.co/yTPoxbjaus","Infrastructure and utilities"
"576440929084706817","Fri Mar 13 17:53:21 +0000 2015","Join me &amp; Lady Pam tomorrow at the Stone Mountain campus @ 10 AM! http://t.co/5WVSvU6lIP","Not related or irrelevant"
"576433285124911104","Fri Mar 13 17:22:59 +0000 2015","Plastic Pam? Anderson Sports Dramatically Different Facial Features At Movie Premiere | http://t.co/DQWuaVoo2Q","Not related or irrelevant"
"576437978941165568","Fri Mar 13 17:41:38 +0000 2015","Top Asian News at 5:30 p.m. GMT: WELLNGTON, New Zealand (AP) ‚Äî An extremely powerful cyclone blew over islands... http://t.co/JBhR2Kporh","Other relevant information"
"576440154941952000","Fri Mar 13 17:50:17 +0000 2015","Cyclone Pam nears Vanuatu after hitting South Pacific nations

watch yourselves I've got a Cyclone named after me!  http://t.co/zh0G7O51KY","Caution and advice"
"576444896829112322","Fri Mar 13 18:09:07 +0000 2015","Man, two days ago, the GFS nailed the track of Cyclone Pam as it passed Efate to within a mile. That's impressive.","Not related or irrelevant"
"576439600622731264","Fri Mar 13 17:48:05 +0000 2015","@Laura200017 pim pam crack es lo que te llevas tu jajajaja (Cause i'm only a crack in this castle of glass) Momento musical de Linkin Park üòÇ","Not related or irrelevant"
"576436192717176832","Fri Mar 13 17:34:32 +0000 2015","Cyclone Pam  MTSAT Infrared Loop http://t.co/rKj4KKyZu7","Caution and advice"
"576436289463025664","Fri Mar 13 17:34:55 +0000 2015","Pam rated us 5 out of 5!

Thanks for saving me from DIY SOS Mike.......hair  happy, lunch in the sunshine.....a... http://t.co/SzLfnkJxbM","Not related or irrelevant"
"576443970630381568","Fri Mar 13 18:05:27 +0000 2015","Super cyclone changes @volvooceanrace schedule. http://t.co/j7R04dsFP0","Not related or irrelevant"
"576444195872874496","Fri Mar 13 18:06:20 +0000 2015","Pam Oliver's NFL coverage will continue... Fox has asked the 54-year-old sideline reporter back for 2 more seasons! http://t.co/7EDDIWhi3k","Not related or irrelevant"
"576437314064240640","Fri Mar 13 17:39:00 +0000 2015","@Ciara_NotSierra you and chloe shall rise against the Pam","Not related or irrelevant"
"576432737298464768","Fri Mar 13 17:20:48 +0000 2015","LINKS Only | BIZAAR 666 BI0METRICS; EBOLA 10,000 DEAD; INDIA BIZAAR WEDDINGS; MASSIVE CYCLONE: http://t.co/5dIWEb93dE via @YouTube","Not related or irrelevant"
"576434721703460864","Fri Mar 13 17:28:41 +0000 2015","I am titan,how about you?

- CyClone Joker^^- http://t.co/16ZBFn9RGa","Not related or irrelevant"
"576433757315543040","Fri Mar 13 17:24:52 +0000 2015","Beautiful satellite image of #Pam http://t.co/akzZ7gVarl","Other relevant information"
"576445214564331520","Fri Mar 13 18:10:23 +0000 2015","There are so many more cyclone fans down here than Jayhawk fans y'all.   This must change.  #RockChalk #kubball","Not related or irrelevant"
"576436175314911232","Fri Mar 13 17:34:28 +0000 2015","Rick is back in Pam's good graces bc he took 2 lemon bars lol. #BoldandBeautiful","Not related or irrelevant"
"576436749720633344","Fri Mar 13 17:36:45 +0000 2015","@addieolson I feel like I can help with the Pan/Pam dilemma.","Not related or irrelevant"
"576440139221581827","Fri Mar 13 17:50:13 +0000 2015","Cyclone Marcia claims surpass $400 million. Subscribe for #reinsurance #news updates that matter, from http://t.co/Fp0K96LccQ","Infrastructure and utilities"
"576435280644714496","Fri Mar 13 17:30:55 +0000 2015","$CTRN 4Q14 Q&amp;A ‚Äì Pam, SunTrust: Branded component evolution vs. last year? EVP: It‚Äôs very small amount &amp; only up against 1Q13 6%.","Not related or irrelevant"
"576434882995453952","Fri Mar 13 17:29:20 +0000 2015","MT @reliefweb:
#Vanuatu: Latest reports from @UNICEF @CARE @IFRC @IOMasiapacific &amp; more on #CyclonePam http://t.co/RuF6be2lEr #TCPam""","Caution and advice"
"576434808462671872","Fri Mar 13 17:29:02 +0000 2015","3R 2H 0E (BOW) | PAM 2, BOW 3 | End 3rd Recap | https://t.co/CbSygjWVOZ","Not related or irrelevant"
"576440963545063425","Fri Mar 13 17:53:30 +0000 2015","Wow...what a beast. #CyclonePam (Image via Mashable) http://t.co/BC5RZk5N5z

‚Äî The Weather Channel (weatherchann‚Ä¶ http://t.co/YGRlyNwAVu","Other relevant information"
"576441887386652672","Fri Mar 13 17:57:10 +0000 2015","Tiny island nation of #Vanuatu, subject to tremendous @BillWeirCNN documentary recently is being thrashed by Cat 5 hurricane w/ no defences","Other relevant information"
"576441705857196033","Fri Mar 13 17:56:27 +0000 2015","Tropical Cyclone Olwyn landfalls as NASA's Terra satellite flies overhead http://t.co/EyDMJnSxgA #space","Not related or irrelevant"
"576438604890689536","Fri Mar 13 17:44:07 +0000 2015","Cyclones, the Arctic, CO2 from China and World... it's all here... and all connected. Let the weekend debate begin! http://t.co/iB8uj8ySJ7","Not related or irrelevant"
"576443089130102784","Fri Mar 13 18:01:56 +0000 2015","Intense Storms in #Pam's Eyewall battering #Vanuatu w/ 160mph winds as it makes landfall. http://t.co/Ro4N9Z1kFR","Infrastructure and utilities"
"576442326106652672","Fri Mar 13 17:58:54 +0000 2015","Join us at Virgin Money Cyclone 19-21 June. 10, 15, 34, 64 or 106 miles with beautiful views- something for everyone! http://t.co/OAEmwp63vn","Other relevant information"
"576443417376378881","Fri Mar 13 18:03:15 +0000 2015","Mom: ""Yeah! You'd have to drug me to get me to be a cyclone fan."" #classicjane #dedication","Not related or irrelevant"
"576435251045511169","Fri Mar 13 17:30:48 +0000 2015","#Newsupdate 'Worst case scenario' feared as cyclone Pam hits Vanuatu - TVNZ: http://t.co/ipvScmOCBM'Wo... http://t.co/WJCfygXwLj #Retweet","Caution and advice"
"576441546062446592","Fri Mar 13 17:55:49 +0000 2015","VIDEO: Tracking Cyclone¬†Pam http://t.co/b96o6aowJC","Other relevant information"
"576441161096658944","Fri Mar 13 17:54:17 +0000 2015","High Alert Cat 5 Super Cyclone Pam heading towards New¬†Zealand http://t.co/CH0RbJfGPD","Other relevant information"
"576437609221615617","Fri Mar 13 17:40:10 +0000 2015","Pamela Anderson's handsome son steals the show: Whoa! That is one handsome celebrity spawn! Pam An... http://t.co/8JPaOc2aWG #slavetrade","Not related or irrelevant"
"576435029246676992","Fri Mar 13 17:29:55 +0000 2015","MT @irinnews:
1000s of families in makeshift houses which will not withstand storm‚Äù @savechildrenuk on #CyclonePam http://t.co/qegArBY9Yl‚Ä¶""","Displaced people"
"576439413888008192","Fri Mar 13 17:47:20 +0000 2015","Pam's Fight Against MS | Medical Expenses - YouCaring https://t.co/7O7RSQmveg","Not related or irrelevant"
"576438242993664001","Fri Mar 13 17:42:41 +0000 2015","As #CyclonePam hits, world looks to #Sendai2015 for a better approach to disaster risk http://t.co/6Q1yLJQlUK #WCDRR http://t.co/Ow0YZrU2EX","Not related or irrelevant"
"576440226018562048","Fri Mar 13 17:50:34 +0000 2015","One of the strongest South Pacific storms in years has made a direct hit on Vanuatu capital, Port Vila, raising fears of mass devastation.","Other relevant information"
"576440131810381826","Fri Mar 13 17:50:11 +0000 2015","Ridge often sounds like such a damn child! Man up! He's like 30 yrs older then everyone in that room! Except for Pam. lol #BoldandBeautiful","Not related or irrelevant"
"576441601909751809","Fri Mar 13 17:56:02 +0000 2015","use could
users celebrate
up cyclone","Not related or irrelevant"
"576443501220470784","Fri Mar 13 18:03:35 +0000 2015","Terrible news from Vanuatu.  http://t.co/GQm2ShLbd0","Other relevant information"
"576442148511309825","Fri Mar 13 17:58:12 +0000 2015","pam tillis faved my tweet from last night &lt;3","Not related or irrelevant"
"576445680937406465","Fri Mar 13 18:12:14 +0000 2015","Jack Downing will wear #19. Garrick Perry will wear #16. Both expected to make their Cyclone debuts tonight.","Not related or irrelevant"
"576436633286774784","Fri Mar 13 17:36:17 +0000 2015","@BarackObama PRESIDENT BO I can ans if you follow me period r u keeping an eye on CYCLONE PAM?  N IT'S ON PACIFIC OCEAN HOPE CA IS SAFE.","Not related or irrelevant"
"576440036989751296","Fri Mar 13 17:49:49 +0000 2015","Cyclone Pam: 'Even my hotel is shaking' http://t.co/YADlwI2suQ #Vanuatu","Other relevant information"
"576442725127573505","Fri Mar 13 18:00:30 +0000 2015","@weatherchannel @CoTCPerth Um .... glad I'm not in #Vanuatu on holidays. This one could be devastatingly bad! #Thinkingofyou #Pamisabitch","Not related or irrelevant"
"576440572015206401","Fri Mar 13 17:51:56 +0000 2015","#Tuvulu Population 10k State of emergency declared http://t.co/B8fFczhRlR #hmrd #TCPam","Caution and advice"
"576445262006104065","Fri Mar 13 18:10:34 +0000 2015","@wxdam Considering its remote location, that's a huge achievement. #Pam","Not related or irrelevant"
"576442003480670208","Fri Mar 13 17:57:38 +0000 2015","Would Martin be the same if Pam was Gina an Gina was Pam?","Not related or irrelevant"
"576433323343478784","Fri Mar 13 17:23:08 +0000 2015","My brother MARK CALLEN PAM And HADLEY GRECIA http://t.co/32mvxo9g2c","Not related or irrelevant"
"576445162001289216","Fri Mar 13 18:10:11 +0000 2015","Who named a severe storm system #Pam?!?","Not related or irrelevant"
"576435071650938880","Fri Mar 13 17:30:05 +0000 2015","Attention new @SLA_PAM members! Arriving early to #SLA2015? Join us for the Newcomer's Dinner on 6/13 at 6pm. RSVP: http://t.co/1aHRBIaYoH","Not related or irrelevant"
"576439433009958912","Fri Mar 13 17:47:25 +0000 2015","@TrippygirlR @EmmaSayce which one are you Pam?","Not related or irrelevant"
"576437680994537472","Fri Mar 13 17:40:27 +0000 2015","Storm brings 165- mph winds to Pacific island of¬†Vanuatu http://t.co/ORFOEMOqFu","Other relevant information"
"576439582897651712","Fri Mar 13 17:48:00 +0000 2015","""It appears Pam‚Äôs handsome son is dating Disney darling Bella Thorne!"" oh","Not related or irrelevant"
"576440955152166912","Fri Mar 13 17:53:28 +0000 2015","Thinking of everyone in #Vanuatu and waiting for updates #CyclonePam","Sympathy and emotional support"
"576435683268624384","Fri Mar 13 17:32:31 +0000 2015","""""Let me be honest"" isn't honest at all"" by @pamelamaeross on @LinkedIn https://t.co/sSwDigG6Fz","Not related or irrelevant"
"576433311297372160","Fri Mar 13 17:23:05 +0000 2015","#CyclonePam bearing down in the pacific, update from local #climatejustice organizers #prayforthepacific http://t.co/ELeijMClNn","Sympathy and emotional support"
"576438720003502080","Fri Mar 13 17:44:35 +0000 2015","Cyclone Pam http://t.co/KQAcoqA8Qu","Other relevant information"
"576444082295296000","Fri Mar 13 18:05:53 +0000 2015","Is that the Neo Armstrong Cyclone Jet Armstrong Cannon? It's pretty amazing, oi.","Not related or irrelevant"
"576440615958814720","Fri Mar 13 17:52:07 +0000 2015","Plastic Pam? Anderson Sports Dramatically Different Facial Features At Movie Premiere: Has Pamela Anderson und... http://t.co/U8RS150U6f","Not related or irrelevant"
"576441508166901761","Fri Mar 13 17:55:39 +0000 2015","Panda, 6 mos old terrier mix, female, spayed (Photo by Pam Doughty) http://t.co/iRaplXKZSL","Not related or irrelevant"
"576442340665098240","Fri Mar 13 17:58:58 +0000 2015","@pamkulik No worries at all, Pam! We are more grateful to know you're using Canva! Cheers to many more designs and awesome stuff! :) ^eb","Not related or irrelevant"
"576441787004424192","Fri Mar 13 17:56:46 +0000 2015","#SolomonIslands #Anutu island population 300 - Phones &amp; Radio down  http://t.co/fiatBmgO22 #TCPam #hmrd","Caution and advice"
"576434838506381312","Fri Mar 13 17:29:09 +0000 2015","@FBM2005 Vanuatu  not enough coffee this morning.","Not related or irrelevant"
"576439248833802240","Fri Mar 13 17:46:41 +0000 2015","Wild weather warning as cyclone approaches - New Zealand Herald http://t.co/iJjDjyJ6ZQ","Caution and advice"
"576445089003749376","Fri Mar 13 18:09:53 +0000 2015","South Pacific cyclone 'kills dozens' http://t.co/zkL27XSoB9 [Sale http://t.co/NEiwkXgvpB ] #news","Injured or dead people"
"576434938142048256","Fri Mar 13 17:29:33 +0000 2015","@JamesdavisFx , Hello We wanted to know as pam-mam how many cutomers u hav","Not related or irrelevant"
"576441416936779776","Fri Mar 13 17:55:18 +0000 2015","WA [EMERGENCY WARNING] CYCLONE - Francois Peron National Park 13/03 11:24pm AWST #DFES http://t.co/HkbzbdfNNk http://t.co/beCHTVNnHv","Not related or irrelevant"
"576441778125025281","Fri Mar 13 17:56:44 +0000 2015","#CyclonePam batters #Vanuatu. http://t.co/kRRFuDdNQu ‚Ä¶","Other relevant information"
"576441577234673664","Fri Mar 13 17:55:56 +0000 2015",": 'Vanuatu Monster' makes direct hit on island http://t.co/ykIkOfS0cI","Other relevant information"
"576436496145608704","Fri Mar 13 17:35:45 +0000 2015","Eco: More than 200,000 people at risk as Cyclone Pam bears down on Vanuatu: Reuters: A massive storm is bearin... http://t.co/gy3cUrnvST","Other relevant information"
"576441849230991360","Fri Mar 13 17:57:01 +0000 2015","#Vanuatu Big hugs to @CAREAustralia for helping 195 ppl including 3 #DAFN into evac centers  http://t.co/1V7OdUsfWS #TCPam #hmrd","Displaced people"
"576434932433588224","Fri Mar 13 17:29:32 +0000 2015","Summer cyclone Bavi brewing, moving to Philippines - ABS CBN News http://t.co/WOVEQrctPY #Typhoon","Not related or irrelevant"
"576436690211868672","Fri Mar 13 17:36:31 +0000 2015","Cyclone http://t.co/Gof2riFgyx","Other relevant information"
"576433968637218817","Fri Mar 13 17:25:42 +0000 2015","I CANT BELIEVE JOSH MET PAM","Not related or irrelevant"
"576442367558885376","Fri Mar 13 17:59:04 +0000 2015","That's why you win your matches!!!

 http://t.co/OAZFSmJuGF #jamaicaobserverandroidapp via @JamaicaObserver","Not related or irrelevant"
"576439091513823232","Fri Mar 13 17:46:03 +0000 2015","@rickpeterson26  Haha.  Not sure Cyclone fans can handle another game like that.  Crazy,crazy emotional ride","Not related or irrelevant"
"576432568675016704","Fri Mar 13 17:20:08 +0000 2015","Ottawa Cyclone basketball from State Semi-Finals today vs Basehor on KOFO. Details here @ohsactivities @ohsboyshoops http://t.co/JLmJFjryLv","Not related or irrelevant"
"576434915178233856","Fri Mar 13 17:29:28 +0000 2015","Not Cyclone Pam! üòÇ She about to be a mess!","Not related or irrelevant"
"576456414412947457","Fri Mar 13 18:54:53 +0000 2015","I still cry whenever I watch Jim and Pam get married","Not related or irrelevant"
"576457756690886656","Fri Mar 13 19:00:13 +0000 2015","LIVE tonight at 6:30p, Cyclone gymnastics vs. Temple","Not related or irrelevant"
"576452841935646721","Fri Mar 13 18:40:42 +0000 2015","#NRLSharksBroncos
Vanuatu
Friday the 13th
#FORvREB
wonderful sense break your heart..view The story of love 
https://t.co/WOBxdo66IF","Not related or irrelevant"
"576446755631284224","Fri Mar 13 18:16:31 +0000 2015","We finally get a cyclone after 51 years and it turns out to be the most pansy-ass little thing. I'm hurt, Mother Nature. Irreparably hurt.","Not related or irrelevant"
"576453515477843968","Fri Mar 13 18:43:22 +0000 2015","Cyclone Joker!","Not related or irrelevant"
"576458099885637632","Fri Mar 13 19:01:35 +0000 2015","Cat 5 #CyclonePam has passed over #Vanuatu's capital Port Vila. 250 km/h winds. Updates throughout the morning on @TheTodayShow","Other relevant information"
"576457532534738944","Fri Mar 13 18:59:20 +0000 2015","@CarlaHouston99 was impersonating me with her avatar, now Capt Pam Karel. This is NOT a pilot for American Airlines or a 99. BE YOU! #avgeek","Not related or irrelevant"
"576453526752215040","Fri Mar 13 18:43:25 +0000 2015","New content of Vanuatu in http://t.co/h9nsvgwinI - #NewZealand","Other relevant information"
"576448523962589185","Fri Mar 13 18:23:32 +0000 2015","thanks to #cyclone olwyn our #roadtrip up to #coralbay was ended prematurely in denham üò°üòß what stays are the #memor‚Ä¶ http://t.co/QvrvVo7tWg","Not related or irrelevant"
"576451561334829056","Fri Mar 13 18:35:36 +0000 2015","@mikedwheeler Pam's Canadian; hence normal. somewhat. üòú  but Mother's Day this Sunday?! #confused","Not related or irrelevant"
"576457536959832064","Fri Mar 13 18:59:21 +0000 2015","Yep. Her and Siya ‚Äú@_Snowiie: Pam is make-up twitter‚Äù","Not related or irrelevant"
"576449114793111552","Fri Mar 13 18:25:53 +0000 2015","Bigger than Bola in 1988, I feel old and concerned all at once. http://t.co/DXy9LvypmS #CyclonePam","Caution and advice"
"576457273821827073","Fri Mar 13 18:58:18 +0000 2015","Tropical Cyclone Nathan crawling in NASA satellite imagery (NASA/Goddard Space Flight Center) Tropical Cyclone Nat‚Ä¶ http://t.co/wLs1UVjTrm","Other relevant information"
"576452432265265152","Fri Mar 13 18:39:04 +0000 2015","Latest warning graphic for Tropical Cyclone Pam: http://t.co/TPhpAxKkSu","Other relevant information"
"576446028368474112","Fri Mar 13 18:13:37 +0000 2015","7th Grade News:Pam Geller, blind to irony, sez Jon Stewart's ""The Most Disgusting Jew on the Planet!"" http://t.co/Ymgh8sp4oz #RagingWingNuts","Not related or irrelevant"
"576457948878282752","Fri Mar 13 19:00:59 +0000 2015","@BBCTravelAlert a 'cyclone'.","Not related or irrelevant"
"576450526742601729","Fri Mar 13 18:31:30 +0000 2015","PAM near Australia.. http://t.co/GGPj70mkqs","Other relevant information"
"576448862186909696","Fri Mar 13 18:24:53 +0000 2015","#prayers for #vanautu #pam go away","Sympathy and emotional support"
"576447294637129728","Fri Mar 13 18:18:39 +0000 2015","I miss Pam üò™","Not related or irrelevant"
"576452457682853888","Fri Mar 13 18:39:10 +0000 2015","Well, Typhoon Pam is certainly terrifying: http://t.co/GYFHNxulfO","Other relevant information"
"576452670556364801","Fri Mar 13 18:40:01 +0000 2015","Suzanne Jenkins: #FREE #KINDLE The Tao of Pam: Pam of Babylon Book # 6, Romance, Series, family http://t.co/7BO23EyMHh","Not related or irrelevant"
"576452498531045376","Fri Mar 13 18:39:20 +0000 2015","I hope you guys are okay over there, Vanuatu.","Sympathy and emotional support"
"576453624047374336","Fri Mar 13 18:43:48 +0000 2015","Summer cyclone Bavi brewing, moving to Philippines - ABS CBN News http://t.co/0zoLDeMtMf #Typhoon","Not related or irrelevant"
"576454651119288322","Fri Mar 13 18:47:53 +0000 2015","@PamCruickshank Have a lovely holiday, Pam. If you need us, you know where we are. :) | MJ","Not related or irrelevant"
"576456230736130048","Fri Mar 13 18:54:10 +0000 2015","South Pacific cyclone kills dozens http://t.co/8vQtS2PMv7","Injured or dead people"
"576448545844137985","Fri Mar 13 18:23:37 +0000 2015","#Vente #M√©nage #3: Dyson DC33C Origin Aspirateur sans Sac Technologie Radial Root Cyclone G... http://t.co/bXmBKcRb9C #Repassage #Maison","Not related or irrelevant"
"576451600589303808","Fri Mar 13 18:35:46 +0000 2015","Cyclone Lam rains cause manganese spills at BHP Billiton mine in NT: officials - http://t.co/2IxmzXSGGs","Not related or irrelevant"
"576446080017125376","Fri Mar 13 18:13:49 +0000 2015","#surf (03/10) SEVERE TROPICAL CYCLONE PAM: UPDATE http://t.co/iCsCbd7g3D #surfline","Other relevant information"
"576447345283432448","Fri Mar 13 18:18:51 +0000 2015","Cyclone hits island nation of Vanuatu http://t.co/1cIfc6jB9G","Other relevant information"
"576452223686709248","Fri Mar 13 18:38:14 +0000 2015","IFRC releasing USD132,144 from Disaster Response Emergency Fund #DREF to support Vanuatu initial damage assessments @federation #TCPam","Money"
"576456142072627200","Fri Mar 13 18:53:48 +0000 2015","In pictures:How #RedCross prepares for disasters like #TCPam w/ communities in the Pacific @FijiRedCross @federation http://t.co/xYClU60gJ6","Other relevant information"
"576449693825294337","Fri Mar 13 18:28:11 +0000 2015","[ACTU] Kendall Schmidt update. (Esta semana)

""""Are you saying Pan? Or Pam?"" One of my favorite #willferrell... http://t.co/nKL58rO8UR","Not related or irrelevant"
"576447765225439232","Fri Mar 13 18:20:31 +0000 2015","My heart and prayers are with my #Vanuatu friends as they face #CyclonePam","Sympathy and emotional support"
"576449837639593984","Fri Mar 13 18:28:45 +0000 2015","#CyclonePam is hammering Pacific #SIDS - Kiribati, Tuvalu, Solomon Isl &amp; now Vanuatu. Hope #Sendai2015 meeting on #disaster gets the message","Not related or irrelevant"
"576453790250860544","Fri Mar 13 18:44:28 +0000 2015","Tropical Cyclone Pam hits island nation of Vanuatu in S. Pacific w/ winds of  150 mph. Worst in island history? http://t.co/Xnyr6d0S43","Other relevant information"
"576448723984715776","Fri Mar 13 18:24:20 +0000 2015","3R 1H 2E (PAM) | PAM 5, BOW 4 | Mid 6th Recap | https://t.co/CbSygjWVOZ","Not related or irrelevant"
"576455753671811072","Fri Mar 13 18:52:16 +0000 2015","CL√ÅSICOS DEL REGGAETON - justawkwardgirl: 1. Pam pam / Wisin &amp; Yandel... http://t.co/oAEZQxnq7J","Not related or irrelevant"
"576450021274443776","Fri Mar 13 18:29:29 +0000 2015","Georgia House approves cyberbullying bill: Pam Dickerson, a Democrat from Conyers, says Georgia... http://t.co/RYJ1sXx1qB #cyberbullying","Not related or irrelevant"
"576457674008752128","Fri Mar 13 18:59:54 +0000 2015","Cool /Hot! Vanuatu.Amazing helicopter drone footage.what it's like inside an active volcano http://t.co/3sqo2OPuMo","Not related or irrelevant"
"576448494984171520","Fri Mar 13 18:23:25 +0000 2015","Our view for the weekend üòç #geraldton #cyclone by v8jessi http://t.co/G8p2Dp2Vqk
Pic from http://t.co/YQdT8U9Z5E http://t.co/R0WBwV3Pqi","Not related or irrelevant"
"576455206558380033","Fri Mar 13 18:50:05 +0000 2015","Iris would be nothing without pam though #isibaya","Not related or irrelevant"
"576449439788724224","Fri Mar 13 18:27:11 +0000 2015","cyclone","Not related or irrelevant"
"576448480912211968","Fri Mar 13 18:23:22 +0000 2015","The calm before the cyclone! #sunset#geraldton#sky_hub#skyporn#everythinggeraldton#geraldton#nofilter#theresacyclon‚Ä¶ http://t.co/A61RGe3nna","Not related or irrelevant"
"576451209592111104","Fri Mar 13 18:34:12 +0000 2015","Thinking of a friend on Vanuatu in the South Pacific. He just arrived to do Peace Corps work, but I have a feeling it will be more recovery","Sympathy and emotional support"
"576455221494300672","Fri Mar 13 18:50:09 +0000 2015","@Pamduckling @frankie0331 @t0kerfr0g @frogsarelovely @frogetteca @spikedupfrog @theswampbog Don't mess with Pam","Not related or irrelevant"
"576457415836741632","Fri Mar 13 18:58:52 +0000 2015","@LizzieScull yes mam Pam .. Gonna boozy oogy oogy","Not related or irrelevant"
"576451715785879553","Fri Mar 13 18:36:13 +0000 2015","‚Äú@Revkin: Vanuatu battered by #supercyclone Pam. Vid: http://t.co/SHkWkkcZEw Text: http://t.co/aOr25A9SO5‚Äù #earth #love #change","Other relevant information"
"576452002328219648","Fri Mar 13 18:37:21 +0000 2015","Cyclone Pam hits Vanuatu: More than 200,000 people at risk from category 5 tropical storm http://t.co/tQHEAxyPXc","Other relevant information"
"576456059734265856","Fri Mar 13 18:53:29 +0000 2015","Ph call to friends. Their alright!. Slept under house. Winds were horrific.  #CyclonePam","Personal updates"
"576447574996992000","Fri Mar 13 18:19:46 +0000 2015","Islaam islaam islaam everybody is talking about islaam u know why, it's not just a word it's a cyclone for bad people","Not related or irrelevant"
"576457771685560320","Fri Mar 13 19:00:17 +0000 2015","Perth braces for storms from cyclone Olwyn   http://t.co/DAOALKLETw","Not related or irrelevant"
"576449056085569536","Fri Mar 13 18:25:39 +0000 2015","prayers to #vanuatu..","Sympathy and emotional support"
"576452303592505344","Fri Mar 13 18:38:33 +0000 2015","My latest for ""@Clapway: #CyclonePam Rips Through #Vanuatu Island Nation - http://t.co/ULanIkbWQe http://t.co/qMCYTzOvHf‚Äù","Other relevant information"
"576456920590090240","Fri Mar 13 18:56:54 +0000 2015","Pam is make-up twitter","Not related or irrelevant"
"576453274523590656","Fri Mar 13 18:42:25 +0000 2015","Thinking of our friends in Vanuatu and hoping everyone is safe. #CyclonePam","Sympathy and emotional support"
"576451879552471040","Fri Mar 13 18:36:52 +0000 2015","Vanuatu hit by powerful cyclone ‚Äì Sky News¬†Australia http://t.co/Ba0WfqZv98","Other relevant information"
"576446173893906434","Fri Mar 13 18:14:12 +0000 2015","Avast! #Vanuatu hit by powerful cyclone  http://t.co/doyuY3JOrb #Category5cyclone #northeasternislands #unconfirmedreports","Other relevant information"
"576445725355040768","Fri Mar 13 18:12:25 +0000 2015","UFOSFacts NEWS | Monster Category 5 Cyclone Makes Direct Hit on Vanuatu: Kind of surprised I didn... http://t.co/d9zUDTUirW #UFOS #OVNIS","Other relevant information"
"576457772406951936","Fri Mar 13 19:00:17 +0000 2015","@gem_k @28storms that's good. Let's hope #Vanuatu survives.","Not related or irrelevant"
"576457642047979520","Fri Mar 13 18:59:46 +0000 2015","As #Vanuatu is a great surfing location, I have a soft spot for those facing major rough weather today.  http://t.co/2oMQEQTgA5","Sympathy and emotional support"
"576453126326239233","Fri Mar 13 18:41:49 +0000 2015","Cyclone Nathan is near stationary off the coast of Cape Melville, and is expected to intensify later today. http://t.co/rVLE6inkt8","Other relevant information"
"576455407566192641","Fri Mar 13 18:50:53 +0000 2015","Damn, Pam. http://t.co/iWPscFoyPH","Other relevant information"
"576456603131506688","Fri Mar 13 18:55:38 +0000 2015","How fabulous is Pam's Paisley Poncho Sweater?! I'm in love with all the colors!  Get your copy of the pattern for... http://t.co/fkqQxRcwIO","Not related or irrelevant"
"576451987413204992","Fri Mar 13 18:37:18 +0000 2015","""@UNICEFLive:#CyclonePam -a category 5 storm - hits #Vanuatu. http://t.co/nDtIuWp9dc  UNICEF stands ready to help. http://t.co/PReJaun0Mz""","Volunteer or professional services"
"576451360444428288","Fri Mar 13 18:34:48 +0000 2015","@PamTillis  Holly Molly !!
Pam Tillis TheBest Singer/Songwriter 
She also wares some kick A--s shoes Retwitted/Favorite this huge H-TownFan","Not related or irrelevant"
"576445746418819072","Fri Mar 13 18:12:30 +0000 2015","Dozens feared dead after Cyclone Pam hits Vanuatu ‚Äì BBC¬†News http://t.co/IBnuitQTWC","Other relevant information"
"576446249739509761","Fri Mar 13 18:14:30 +0000 2015","Twitter buzz for Stone Mountain Access Systems: http://t.co/xkBusArR2z - RT @BishopGHawkins Join me &amp; Lady Pam tomorrow at the Stone Mou...","Not related or irrelevant"
"576456706865102848","Fri Mar 13 18:56:03 +0000 2015","us cyclone
use crash
users clinton","Not related or irrelevant"
"576457724088737794","Fri Mar 13 19:00:06 +0000 2015","Cyclone Pam hits #Vanuatu: More than 200,000 people at risk from category 5 tropical storm‚Ä¶ http://t.co/Wl42ZVftZ1","Not related or irrelevant"
"576480809613332480","Fri Mar 13 20:31:50 +0000 2015","Hope #CyclonePam is not being an ass the early reports are not true. Love to the Islands.","Sympathy and emotional support"
"576533711946166272","Sat Mar 14 00:02:03 +0000 2015","The Sydney Morning &gt; Locals head for caves as Pam bears down http://t.co/31fmSfjUbb","Displaced people"
"576533273918115840","Sat Mar 14 00:00:18 +0000 2015","Tense wait as hubby and I try calling fam on #Tanna - both TVL and @VanuatuDigicel networks still down from #TCPam","Personal updates"
"576471492944334848","Fri Mar 13 19:54:48 +0000 2015","Thinking of all the people in the pacific islands. #CyclonePam","Sympathy and emotional support"
"576464888979202049","Fri Mar 13 19:28:34 +0000 2015","Thinking about my family #CyclonePam #Vanuatu","Sympathy and emotional support"
"576492020790751232","Fri Mar 13 21:16:23 +0000 2015","This is absolutely sickening. So many deaths already.

""@AnthonyFarnell: #CyclonePam now moving over Tanna Island. 
http://t.co/Tcrn8nKaUr","Other relevant information"
"576458578053185536","Fri Mar 13 19:03:29 +0000 2015","‚Äú@JoshSobo: Lest we forget. http://t.co/xjzAY5zZvq‚Äù PAM LOML OMG","Not related or irrelevant"
"576463975082168320","Fri Mar 13 19:24:56 +0000 2015","Cyclone Pam sounds like it's really bad. I'm really worried about @ItsJillJensen and really hope her ship doesn't attempt to go through it","Personal updates"
"576499204136312833","Fri Mar 13 21:44:55 +0000 2015","For information the Government has a 24-hour consular emergency helpline: 1300 555 135. #CyclonePam #Today9","Caution and advice"
"576537335564627968","Sat Mar 14 00:16:27 +0000 2015","Cyclone Pam thinking of Vanuatu my  adopted big brother Rodney and is wife Jennith and little baba hope you are all well","Sympathy and emotional support"
"576508474420518912","Fri Mar 13 22:21:45 +0000 2015","Oxfam is now preparing to respond to what is likely one of the worst cyclones ever seen in the Pacific region. #CyclonePam","Other relevant information"
"576460616321277952","Fri Mar 13 19:11:35 +0000 2015","South Pacific cyclone 'kills dozens': The UN relief agency says there are reports of more than 40 deaths after... http://t.co/DMWfQRo5Hc","Injured or dead people"
"576458767723790336","Fri Mar 13 19:04:14 +0000 2015","Cyclone PAM leaving a trail of devastation in Pacific Ocean http://t.co/WeohSjXqbf #Iran","Other relevant information"
"576473682102484992","Fri Mar 13 20:03:30 +0000 2015","Unconfirmed report 44 people have died in Penama Province, Vanuatu #CyclonePam http://t.co/18AONi90yD","Injured or dead people"
"576498459445891072","Fri Mar 13 21:41:58 +0000 2015","The poorest people in the poorest countries get smashed by extreme weather events caused by the richest nations #climatechange #CyclonePam","Not related or irrelevant"
"576461729183461376","Fri Mar 13 19:16:01 +0000 2015","If I was on a deserted island &amp; could only bring 3 things I'd bring
Leonardo Dicaprio 
Justin Timberlake 
And Matthew McConaughey","Not related or irrelevant"
"576462951420395520","Fri Mar 13 19:20:52 +0000 2015","@airjump: #hamr #hamradio there are specific frequencies or information? #tcpam #CyclonePam #emcomm #radio #afu #funk #shortwave","Other relevant information"
"576459797270138880","Fri Mar 13 19:08:20 +0000 2015","Heavy rain all night here in #Tonga at #Cyclonepam periphery.  Hate to think of #Vanuatu impacts #earthwindmap http://t.co/WFFbyZZ99I","Other relevant information"
"576460258710683648","Fri Mar 13 19:10:10 +0000 2015","Prayers for the people in Vanuatuüôå","Sympathy and emotional support"
"576526252749778944","Fri Mar 13 23:32:24 +0000 2015","PortVila: comms patchy, power down, no water, shelter needs enormous, GvtofAustralia fly-over as soon as weather allows #TCPam @Federation","Other relevant information"
"576544811877994496","Sat Mar 14 00:46:09 +0000 2015","Devastating storm pounds Pacific Island of Vanuatu (AFP) http://t.co/BzFlxC04Is :Auto pickup by wikyou","Other relevant information"
"576492121206603777","Fri Mar 13 21:16:47 +0000 2015","Spare a thought for our brothers &amp; sisters in #Vanuatu today
Donate to @RedCrossAU disaster relief now: http://t.co/FvbnaWb1H9 #CyclonePam","Sympathy and emotional support"
"576487784120217600","Fri Mar 13 20:59:33 +0000 2015","#Vanuatu I know it is hard #CyclonePam all I can say is lots of love &lt;3&lt;3&lt;3","Sympathy and emotional support"
"576473190098157568","Fri Mar 13 20:01:33 +0000 2015","Photos: NASA images of the three-headed cyclone monster swarming the South Pacific http://t.co/IqCpnduBc9 via @qz
The Ocean's power..#scary.","Other relevant information"
"576536963429376000","Sat Mar 14 00:14:58 +0000 2015","https://t.co/bQkCsJqoLl
#VIDEO: 
#Cyclone #Pam causes heavy damage in #PortVila, #Vanuatu | 14 03 2015
#CyclonePam  @weatherchannel","Infrastructure and utilities"
"576479131178680320","Fri Mar 13 20:25:09 +0000 2015","The destructive eyewall of #CyclonePam now moving over the Vanuatu's Tanna island. Population approx 29,000. http://t.co/uIbZP4RTEK","Other relevant information"
"576487629396525056","Fri Mar 13 20:58:56 +0000 2015","Busy month in the tropics if you're in the Pacific Nathan &amp; Pam especially &amp;  Olwyn &amp; Bavi. Perhaps the Atlantic needs new names.","Other relevant information"
"576489456351449088","Fri Mar 13 21:06:11 +0000 2015","#CyclonePam #TCPam #Pam #JTWC #Vanuatu
#Fiji Live Cams
http://t.co/zB63EmkSwd http://t.co/4rwWFO2ByW","Other relevant information"
"576491981431529473","Fri Mar 13 21:16:13 +0000 2015","We can't b awesome @ everything ""@tonylorino: Plaza overrun w/ people n #Cyclone gear parallel parking poorly @LeighMcNabb #teachthemtopark""","Not related or irrelevant"
"576481843945476096","Fri Mar 13 20:35:56 +0000 2015","Hoping that #Aus gov agencies are currently assessing support we will be sending to #vanuatu &amp; how quickly it deploys. #CyclonePam #auspol","Other relevant information"
"576460887688634368","Fri Mar 13 19:12:40 +0000 2015","Sending big hugs from the team to volunteer @rqskye  for her monitoring during #TCPam #hmrd","Sympathy and emotional support"
"576488021979230208","Fri Mar 13 21:00:29 +0000 2015","@rqskye in a bedroom without roof or ceiling  trying to stay safe..üòûPoor little Kai (3) must be terrified.. #Vanuatu #CyclonePam","Personal updates"
"576480161270484992","Fri Mar 13 20:29:15 +0000 2015","Good Morning, Here is your local weather for
 Saturday 14/3/2015 (Mary)

Weather Situation:

Tropical Cyclone... http://t.co/UkKzTSLm0J","Other relevant information"
"576463365771378689","Fri Mar 13 19:22:31 +0000 2015","CYCLONE PAM - LATEST NEWS - 8.00am Saturday 14th
If you want to see the latest news until  communications are... http://t.co/CgYDXsdnSc","Caution and advice"
"576501735453151232","Fri Mar 13 21:54:59 +0000 2015","URGENT! Cat5 Cyclone Pam directly hit VANUATU Bible School 60-80 people safe inside our bldg, but NO FOOD, WATER, Electricity. AIMers safe.","Personal updates"
"576468775228219392","Fri Mar 13 19:44:00 +0000 2015","Extremely powerful #cyclone has hit capital of Vanuatu, Port Vila, raising fears of mass devastation: http://t.co/BUVN6RZNqS #CyclonePam","Infrastructure and utilities"
"576483967727087616","Fri Mar 13 20:44:23 +0000 2015","Eye of CAT 5 #CyclonePAM in view on New Caledonia's radar http://t.co/4C0kNnbgVq","Other relevant information"
"576493816783331328","Fri Mar 13 21:23:31 +0000 2015","1/4 million people affected from #TCPam #Vanuatu @NewsTalk4BC","Other relevant information"
"576496881301356544","Fri Mar 13 21:35:41 +0000 2015","#Geraldton #Mullewa #WAwx #Olwyn #Cyclone #Australia #Wx #News/ ""Cat 1 #TCOlwyn is inland from #Kalbarri &amp; moving... http://t.co/5SMkxDXfCo","Not related or irrelevant"
"576498971830431745","Fri Mar 13 21:44:00 +0000 2015","Climate change gives cyclones more energy more heat over warmer waters. The rich world must stop burning coal NOW! #solar #CyclonePam","Not related or irrelevant"
"576494213166211072","Fri Mar 13 21:25:05 +0000 2015","‚Äú@unicefusa: Super #CyclonePam has made landfall Lve updates from UNICEF: http://t.co/B8uki3QO3N @UNICEFNZ‚Äù @SarahBambery","Other relevant information"
"576539711713501184","Sat Mar 14 00:25:53 +0000 2015","#pakistan#news Devastating storm pounds Pacific Island of Vanuatu: SUVA (AFP) - A devastating tropical cyclone... http://t.co/KBz2MwU9Wx","Other relevant information"
"576485678667554816","Fri Mar 13 20:51:11 +0000 2015","RT @irinnews #CyclonePam batters #Vanuatu. ‚Ä¶ http://t.co/j62n3bfJx9 http://t.co/uHJl6qnMTJ","Other relevant information"
"576489751756206081","Fri Mar 13 21:07:22 +0000 2015",".@MetService blog for latest info for NZ http://t.co/isi1zdySDM #TCPam #Auckland http://t.co/yne0QEky7Q","Other relevant information"
"576521752869666816","Fri Mar 13 23:14:31 +0000 2015","Feeling for the people of Vanuatu right now. Especially all those staying in less than solid concrete structures which will be 99%.","Sympathy and emotional support"
"576490917856579584","Fri Mar 13 21:12:00 +0000 2015","@statedept Vanuatu: Need to closely watch TC Nathan; track has it turning south. People need 2b secured asap, if there's a time limit.","Caution and advice"
"576484803312242688","Fri Mar 13 20:47:42 +0000 2015","I will update, upon getting any visuals.
#CyclonePam #TCPam #Pam #JTWC #Vanuatu
Updates here, once i get cams back
http://t.co/F8zUTCT5UP","Personal updates"
"576495987172098048","Fri Mar 13 21:32:08 +0000 2015","Wow, hope my family is coping OK with this - sounds horrendous http://t.co/IG2RHjzuG1 #cyclonepam","Sympathy and emotional support"
"576492074910007296","Fri Mar 13 21:16:36 +0000 2015","Lifting prayers for all enduring and in the aftermath of Tropical Cyclone Pam. Thinking especially of friends in Vanuatu and Solomon Islands","Sympathy and emotional support"
"576466546748485634","Fri Mar 13 19:35:09 +0000 2015","South Pacific cyclone kills dozens http://t.co/aEqf09q7Ke","Injured or dead people"
"576545168624623616","Sat Mar 14 00:47:34 +0000 2015","https://t.co/fhCZLFEmjI 
#VIDEO: 
#Cyclone #Pam causes heavy #damage in #PortVila, #Vanuatu | 14 03 2015
#CyclonePam

#AskAnsel
#AusGP","Infrastructure and utilities"
"576481056238485504","Fri Mar 13 20:32:48 +0000 2015","Pam is one big old gal, she's a Cat 5, they don't come any bigger!  She's 250 Km/h wind and a central pressure at... http://t.co/1hHutZwF10","Other relevant information"
"576458545903898625","Fri Mar 13 19:03:22 +0000 2015","Our planet right now (via Living Earth App http://t.co/EPamqTFw4Z) #Pam #NouvelleCaledonie http://t.co/3WmOiXK2DI","Not related or irrelevant"
"576518726050148352","Fri Mar 13 23:02:30 +0000 2015","BSGN Small Pacific nation of Vanuatu hit by powerful cyclone: An extremely powerful cyclone blew over islands ... http://t.co/CwjXEptlHl","Other relevant information"
"576508267964203008","Fri Mar 13 22:20:56 +0000 2015","Useful sources. ‚Äú@reliefweb: #Vanuatu: reports from @UNICEF @CARE @IFRC @IOMasiapacific &amp; more on #CyclonePam http://t.co/D0H3ex4x18 #TCPam‚Äù","Other relevant information"
"576494627424878592","Fri Mar 13 21:26:44 +0000 2015","Flooding, destructive winds as #CyclonePam hits #Vanuatu http://t.co/hNvQ0iKXP7 via @ABCNews #TCPam @radioaustralia @australiaplus","Other relevant information"
"576478152806957056","Fri Mar 13 20:21:16 +0000 2015","Philip Duncan: What happens next with Cyclone Pam after Vanuatu? (+4 maps) | http://t.co/BzlisTKa4K http://t.co/9LXv1ILyIQ @weatherwatchnz","Other relevant information"
"576534047779786752","Sat Mar 14 00:03:23 +0000 2015","Deaths feared as cyclone Pam crosses Vanuatu and heads for New Zealand: Cyclone Pam has intensified as it moves‚Ä¶ http://t.co/FiJDnuH3p1","Injured or dead people"
"576459253361311744","Fri Mar 13 19:06:10 +0000 2015","South Pacific's #Vanuatu Hammered by 165 MPH Tropical Cyclone http://t.co/Ro2txxCHxm #extremeweather","Other relevant information"
"576491219037118464","Fri Mar 13 21:13:11 +0000 2015","#CycloneOlwyn is heading down W.A. coast. First cyclone to reach Geraldton since 1979. @Natalia_Cooper9 has the weather updates #Today9","Other relevant information"
"576498938045444096","Fri Mar 13 21:43:52 +0000 2015","Hope things aren't too bad in Vanuatu this morning #CyclonePam","Sympathy and emotional support"
"576529213257220096","Fri Mar 13 23:44:10 +0000 2015","Locals head for caves as Pam bears down http://t.co/WCnkhnt42M (News) #brisbane #qld","Displaced people"
"576461135618011136","Fri Mar 13 19:13:39 +0000 2015","Yay its the weekend. Now lets see how this #CyclonePam does. Think shes showing up here in Hawkes Bay, New Zealand tomorrow","Other relevant information"
"576498901731020800","Fri Mar 13 21:43:43 +0000 2015","#CyclonePam still tearing through #Vanuatu. ""Much bigger than expected,"" says our colleague in Port Vila. Initial reports of devastation","Other relevant information"
"576481283179569152","Fri Mar 13 20:33:43 +0000 2015","Cyclone Pam is coming and is now category 5. O Joy!","Other relevant information"
"576511566905880576","Fri Mar 13 22:34:03 +0000 2015","‚Ä¢ My thoughts are no where but with you, Vanuatu ‚Ä¢

üå¥‚òÄÔ∏èüíúüçÉüå∫üçåüçâüåä‚ö°Ô∏è‚òîÔ∏è‚õÖÔ∏èüçç

#vanuatu‚Ä¶ https://t.co/Sx0yGxIGXq","Sympathy and emotional support"
"576463528170680321","Fri Mar 13 19:23:09 +0000 2015","Photos: NASA released images of the three-headed cyclone monster swarming ... - Quartz http://t.co/QmQ5Tqagrh #news","Caution and advice"
"576474766347018240","Fri Mar 13 20:07:49 +0000 2015","üôè RT @dtvunleashed: Monster storm hits Vanuatu http://t.co/F94m3GIIlB","Other relevant information"
"576463785839312896","Fri Mar 13 19:24:11 +0000 2015","Cyclone Olwyn weakens but still threatens http://t.co/GrxKB0NUv4","Other relevant information"
"576490834083737600","Fri Mar 13 21:11:40 +0000 2015","VIDEO : #CyclonePAM Cat.5 hits Vanuatu island http://t.co/LrXy0zCdnp","Other relevant information"
"576470602577526784","Fri Mar 13 19:51:16 +0000 2015","#Media wait a few days b/f reporting casualty numbers. They are never right &amp; needlessly upsets family &amp; friends 

#CyclonePam #Pam","Other relevant information"
"576461918602416128","Fri Mar 13 19:16:46 +0000 2015","Monster storm hits Vanuatu http://t.co/ng7D3PnAtK","Other relevant information"
"576524499752910848","Fri Mar 13 23:25:26 +0000 2015","Port Vila Vanuatu real time weather #cyclonepam http://t.co/W8B8R6UInc","Other relevant information"
"576461794975178752","Fri Mar 13 19:16:16 +0000 2015","South Pacific cyclone 'kills dozens' http://t.co/xWubBgtj6Q","Injured or dead people"
"576543832973570048","Sat Mar 14 00:42:16 +0000 2015","...thoughts with Vanuatu this morning - sounds like a horror. #cyclonepam 
Keep your heads down #NZ its heading south. You dont need a Cat5","Sympathy and emotional support"
"576469128321585152","Fri Mar 13 19:45:25 +0000 2015","Weatherman Richard Green says the main thrust of Tropical Cyclone Pam is likely to hit northern parts of NZ late tomorrow and on Monday.","Caution and advice"
"576507227340697600","Fri Mar 13 22:16:48 +0000 2015","After a last min change of course to the west #CyclonePam made direct hit on the Vanuatu archipelago last night w/ winds of up to 250kmh.","Other relevant information"
"576485052797693952","Fri Mar 13 20:48:41 +0000 2015","Public Works Dept starting to clear roads to get to injured #TCPam #CyclonePam","Infrastructure and utilities"
"576525473628307457","Fri Mar 13 23:29:18 +0000 2015","Those poor Vanuatu peops! #CyclonePam :(","Sympathy and emotional support"
"576550196877922305","Sat Mar 14 01:07:33 +0000 2015","‚Äú@RAPacificBeat: #CyclonePam: Flooding, destructive winds up to 240kmh bearing down on #Vanuatu #TCPam http://t.co/BXsbIyGSas‚Äù","Other relevant information"
"576461017187745792","Fri Mar 13 19:13:11 +0000 2015","It may be a day or two before we see or hear any real news out of Vanuatu.","Other relevant information"
"576530438497247233","Fri Mar 13 23:49:02 +0000 2015","Samaritan's Purse deploying assessment team to Vanuatu as soon as Port Vila International Airport is open. #CyclonePam","Other relevant information"
"576461953251602432","Fri Mar 13 19:16:54 +0000 2015","Ive cried way too many times watching Jim and Pam interact. üò¢","Not related or irrelevant"
"576471091583049728","Fri Mar 13 19:53:13 +0000 2015","South Pacific cyclone kills dozens http://t.co/morLMlW0PB","Injured or dead people"
"576501065966870528","Fri Mar 13 21:52:19 +0000 2015","Mother Nature is very, very pissed.. with a reason. #CyclonePam 
http://t.co/NaPD9EfqNi","Other relevant information"
"576488909393117184","Fri Mar 13 21:04:01 +0000 2015","#Vanuatu‚ÄîMany feared dead after #CyclonePam rips across tiny Pacific island of 250,000 ‚Äî http://t.co/FtLGKYNjZ5 http://t.co/j11iNFGxq2","Injured or dead people"
"576479179513856001","Fri Mar 13 20:25:21 +0000 2015","RT @wxjerdman: UW ADT estimates #Pam now below 910 mb. Very intense convection in N. eyewall. Cat 5 soon? http://t.co/cnmOSDC7OX
Where?","Other relevant information"
"578469312328957952","Thu Mar 19 08:13:26 +0000 2015","We now speak to @robwoozle, whose daughter Zoe Marshall is still missing in Vanuatu after #TCPam #TheProjectTV","Missing, trapped, or found people"
"577294869997088768","Mon Mar 16 02:26:37 +0000 2015","Reports from Port Vila indicate there are major food shortages as thousands of people crowd into evacuation centres #CyclonePam","Shelter and supplies"
"577350178618802176","Mon Mar 16 06:06:23 +0000 2015","VIDEO: Australia and NZ fly aid to Vanuatu - http://t.co/vWoDncye3n |Your PR here http://t.co/dbuCg2wuXY","Volunteer or professional services"
"576617791484260352","Sat Mar 14 05:36:09 +0000 2015","Cyclone Pam Lashes Vanuatu with Category 4 Winds @weatherchannel http://t.co/GQPMCFTzUp","Other relevant information"
"577320217870630912","Mon Mar 16 04:07:20 +0000 2015","The struggle to bring aid to Vanuatu; at least three people feared dead in a plane crash near Wanaka; and an X Factor axe for judges.","Injured or dead people"
"577304574597292032","Mon Mar 16 03:05:11 +0000 2015","@wtfvnjh it's scary what happened in Vanuatu though like there are people missing and who lost their lives! It makes me so sad üò™","Missing, trapped, or found people"
"576581972719337472","Sat Mar 14 03:13:49 +0000 2015","Really feel for the people in Vanuatu. Such a beautiful country, and it's so devasted. Hope all is good #PrayForThePacific #CyclonePam","Sympathy and emotional support"
"576571756217024513","Sat Mar 14 02:33:13 +0000 2015","https://t.co/jeC6dQY3Qk
RAW #VIDEO:
#Cyclone #Pam made #landfall in #PortVila, #Vanuatu | 14 03 2015
#CyclonePam 
Unbelievable #destruction","Infrastructure and utilities"
"576579309743140865","Sat Mar 14 03:03:14 +0000 2015","‚ûü #CyclonePam Cyclone Pam Vanuatu cyclone: Dozens feared dead http://t.co/bbxlKV‚ûü http://t.co/U9fZzeqlwj","Other relevant information"
"577372775360421889","Mon Mar 16 07:36:11 +0000 2015","We urgently need your help to provide emergency relief to remote communities in #Vanuatu. Donate here: http://t.co/JGibG2g0zs #CyclonePam","Volunteer or professional services"
"576596637511876608","Sat Mar 14 04:12:05 +0000 2015","News:  Vanuatu: Devastating storm pounds Pacific Island of Vanuatu http://t.co/SIiXk5mcuk","Other relevant information"
"576560194580135936","Sat Mar 14 01:47:17 +0000 2015","Locals head for caves as Pam bears down http://t.co/gjcHySIqzf #KCA #VoteJKT48ID","Displaced people"
"577350899896471552","Mon Mar 16 06:09:15 +0000 2015","#Vanuatu: MT @OxfamAustralia: 100,000+ likely homeless. Every school destroyed. Evac centres full. Health facilities damaged. #CyclonePam","Displaced people"
"576574884026847232","Sat Mar 14 02:45:39 +0000 2015","From Entrepreneur Devastating storm pounds Pacific Island of Vanuatu: Suva (Fiji) (AFP) - A devastating tropic... http://t.co/0oxC4SnpgA","Other relevant information"
"577391346064867328","Mon Mar 16 08:49:58 +0000 2015","#World: 'Monster' Cyclone Strikes a Heavy Toll in Vanuatu: More than 100,000 people are like... http://t.co/iaY7MxKagm via .@TheNewsHype","Other relevant information"
"577329417438920704","Mon Mar 16 04:43:54 +0000 2015","Our thoughts are with those affected by #CyclonePam, please share our resources on flood damage. http://t.co/MVflheOSz9","Infrastructure and utilities"
"577379272530239488","Mon Mar 16 08:02:00 +0000 2015","When will @careintuk be launching a #CyclonePam appeal? People are asking where they can donate!","Volunteer or professional services"
"576600239307669504","Sat Mar 14 04:26:24 +0000 2015","Follow the horrific #CyclonePam in the Pacific? http://t.co/XuhTefZLh6  
#TCPam Liveblog here &gt;&gt; http://t.co/Eg37dWwIU8 &lt;&lt;
via @billmckibben","Other relevant information"
"576596600065105921","Sat Mar 14 04:11:56 +0000 2015","Dozens feared dead after #CyclonePam pounds Vanuatu archipelago in South Pacific: http://t.co/iR4OGiFuve http://t.co/p7tJk6sCSX","Other relevant information"
"576629440253296640","Sat Mar 14 06:22:26 +0000 2015","RT &amp; Help! PAA is raising funds thru Just Giving 4 devastated Vanuatu hit by 305kpm winds2clean up hazardous waste.  https://t.co/l7T0jgLm6L","Money"
"577307088910585856","Mon Mar 16 03:15:10 +0000 2015","MT @GDC_updates CivDefence update 3.45pm #TCPam: +100 ppl in total have now moved out of their homes... http://t.co/MrlHGM6r6A
#Gisborne #NZ","Displaced people"
"577396878242885632","Mon Mar 16 09:11:57 +0000 2015","We'll pray for the victimes and we hope that, the international community will provide them an adequat help #CyclonePam","Sympathy and emotional support"
"577393222378528768","Mon Mar 16 08:57:26 +0000 2015","Last week's strongest of 3 #Cyclones, #Pam, brought CAT5 destruction to #Vanuatu affecting 132K people. 60K of that, children. #Unicef ‚ñ∫5am","Injured or dead people"
"576555168239460352","Sat Mar 14 01:27:18 +0000 2015","Deadly Cyclone Pam hits Pacific islands, with dozens feared dead in Vanuatu http://t.co/Eo4Vhzpyac","Injured or dead people"
"577306994924609537","Mon Mar 16 03:14:48 +0000 2015","Wild weather caused by ex-tropical #CyclonePam has caused dozens of people to be evacuated. http://t.co/CoRWju2ded","Displaced people"
"576554520982896640","Sat Mar 14 01:24:44 +0000 2015","Bishop: Australia has a crisis response team ready to go to assist our High Commission in Port Vila, Vanuatu. #CyclonePam","Other relevant information"
"577337350256218112","Mon Mar 16 05:15:25 +0000 2015","#CyclonePam: Death toll may rise after worst natural disaster in living memory. Read @abcnews with @SaveChildrenAus: http://t.co/k0dvClafwK","Injured or dead people"
"577326434752053248","Mon Mar 16 04:32:02 +0000 2015","#Vanuatu, #Tanna-corrugated iron houses destroyed, concrete buildings lost roofs, trees ripped out http://t.co/gJ7RkS4ZuC #TCPam #hmrd via ^","Infrastructure and utilities"
"577385811827691520","Mon Mar 16 08:27:59 +0000 2015","What mates are for: New Zealand aid + reconstruction flights already on way + in #Vanuatu dealing with #cyclonepam http://t.co/TpHH8sY4pY","Volunteer or professional services"
"576559662398447616","Sat Mar 14 01:45:10 +0000 2015","Carnarvon battered as weaker Cyclone Olwyn continues down WA coast. #perthnews  http://t.co/H7M5xJxfeP","Not related or irrelevant"
"578573588782931969","Thu Mar 19 15:07:47 +0000 2015","Tropical Cyclone Pam: Australian officials locate five missing volunteers in Vanuatu http://t.co/10kJ3JVczR #ANN","Missing, trapped, or found people"
"577323469471264768","Mon Mar 16 04:20:15 +0000 2015","#CyclonePam Two more Aust military planes loaded with much-needed humanitarian supplies &amp; personnel are on way to cyclone-devastated Vanuatu","Volunteer or professional services"
"576575825593679872","Sat Mar 14 02:49:23 +0000 2015","#Business Devastating storm pounds Pacific Island of Vanuatu http://t.co/AvYGuE7voK http://t.co/OUISbxjl5B","Other relevant information"
"577294119241826304","Mon Mar 16 02:23:38 +0000 2015","Meanwhile, Foreign Min Julie Bishop is speaking at DFAT HQ, saying Australia has sent three military planes with supplies to Vanuatu #auspol","Shelter and supplies"
"576619380567453696","Sat Mar 14 05:42:28 +0000 2015","Sounds like things are very bad for people in Vanuatu :(","Personal updates"
"576568873425731584","Sat Mar 14 02:21:46 +0000 2015","http://t.co/OjQ0INfQ9c #UK: Cyclone batters Pacific island nation of Vanuatu, UN fears the worst - Daily Mail","Caution and advice"
"577365784118198272","Mon Mar 16 07:08:24 +0000 2015","Want to help #Vanuatu after #CyclonePam but don‚Äôt know where to start? Add here your offers of tech support http://t.co/w4tFlt4m7u","Volunteer or professional services"
"576558385073508352","Sat Mar 14 01:40:05 +0000 2015","Devastation hits Vanuatu with any casualties. Exact # of fatalities unknown","Injured or dead people"
"576559726424502272","Sat Mar 14 01:45:25 +0000 2015","Ex #CycloneOlwyn trajectory down through Western Australia http://t.co/5rxIVhEzhx Via @BOM_au @killeydavid http://t.co/940aZgS3OD","Other relevant information"
"577377613896900608","Mon Mar 16 07:55:24 +0000 2015","Very sad 100,000+ people likely homeless. Every school destroyed. Evacuation centres full. Health facilities damaged. #Vanuatu  #PRAY","Displaced people"
"576641145880489984","Sat Mar 14 07:08:57 +0000 2015","To everyone following this, just heard from my dad after #CyclonePam. Damage to property is devastating but he's safe.","Infrastructure and utilities"
"577336060021207040","Mon Mar 16 05:10:17 +0000 2015","#Vanuatu appeal launched. Help people in the most remote northern islands, Anglican areas. Donate here: http://t.co/IDLMJoyqTr #CyclonePam","Volunteer or professional services"
"577317871669239808","Mon Mar 16 03:58:01 +0000 2015","Coastal areas evacuated as Cyclone Pam batters New Zealand http://t.co/Gp9reOv9w2 #CyclonePam #NewZealand #Gisborne #wave","Displaced people"
"577360556392194048","Mon Mar 16 06:47:38 +0000 2015","RT @OxfamAustralia: 100,000+ people likely homeless. Every school destroyed. Evacuation centres full. Health facilities damaged. #CyclonePam","Displaced people"
"576587328761671680","Sat Mar 14 03:35:06 +0000 2015","Shorter Abbott: ""We'll do everything reasonably appropriate to assist the people of Vanuatu, but first, what's in it for us?"" #auspol","Personal updates"
"577306376701014016","Mon Mar 16 03:12:20 +0000 2015","5 hrs ago #earthquake 5.3 has hit Malao , Vanuatu, 60.0km, 15:29 GMT-6 (EMSC) http://t.co/LW3HUMQ9ZY","Other relevant information"
"576590954255224832","Sat Mar 14 03:49:30 +0000 2015","‚Üí #CyclonePam Cyclone Pam Vanuatu cyclone: Dozens feared dead http://t.co/UEUntENYQ2 http://t.co/B1yxldvBtD","Injured or dead people"
"577352151019728896","Mon Mar 16 06:14:14 +0000 2015","Vanuatu on our minds. Its people on our hearts. What hurricane pam wiped out we shall build with courage &amp; love. Support Vanuatu today.","Sympathy and emotional support"
"576645982907060224","Sat Mar 14 07:28:10 +0000 2015","My heart goes out to Vanuatu - Beautiful people and a beautiful country. Please consider giving support to their recovery. #Vanuatu","Sympathy and emotional support"
"577372497634549760","Mon Mar 16 07:35:05 +0000 2015","#CyclonePam destroys/damages 90% of Vanuatu's infrastructure - more on UCB UK with @radiostevebest &amp; @MrJezly next http://t.co/3mo0mxvbIW","Infrastructure and utilities"
"577372024407924736","Mon Mar 16 07:33:12 +0000 2015","'Monster' Cyclone Pam Damaged 90% Of Buildings: 16 March 2015, 5:40 'Monster' Cyclone Pam Damaged 90% Of Buildings‚Ä¶ http://t.co/VQHn5CHSBu","Infrastructure and utilities"
"577380439817469953","Mon Mar 16 08:06:38 +0000 2015","Vanuatu Cyclone: Pam 'wiped Out' Development - Bbc News: Cyclone Pam has ""wiped out"" development in Vanuatu, i... http://t.co/5AEtwtv2Ko","Infrastructure and utilities"
"576591907528159233","Sat Mar 14 03:53:17 +0000 2015","#ndtv Cyclone Batters Pacific Island Nation of Vanuatu, UN Fears the Worst: Winds of up to 250 kilometres an h... http://t.co/C84qBh2EFH","Other relevant information"
"576593444266708992","Sat Mar 14 03:59:24 +0000 2015","http://t.co/Cy4mgzLBQD Devastating storm pounds Pacific Island of Vanuatu #HeadlinesApp","Other relevant information"
"576563004814155776","Sat Mar 14 01:58:27 +0000 2015","Tropical #CyclonePam rips through Pacific isles: http://t.co/3Kab1BA67H","Other relevant information"
"576595732322455552","Sat Mar 14 04:08:29 +0000 2015","#CyclonePam: destructive storm slams into Vanuatu http://t.co/8DWrXM7IUQ","Other relevant information"
"576620689395855361","Sat Mar 14 05:47:40 +0000 2015","#NZ MT @NZRedCross Photo from Clare in Tuvalu
To donate to people affected by #TCPam: https://t.co/XOPZhZfpm8
http://t.co/1rqFeG2ERt","Money"
"577369849292189696","Mon Mar 16 07:24:33 +0000 2015","#LatestNews Vanuatu leader says 'monster' cyclone has 'wiped out' island's development - VIDEO: Dozens‚Ä¶ http://t.co/clM61Pg9Pt by @foxnews","Infrastructure and utilities"
"577337545270243328","Mon Mar 16 05:16:11 +0000 2015","http://t.co/pB5FwaZFhN 5.3 Richters Has Now Struck Vanuatu!!!  ALSO: 5.9 Richter Earthquakes at BOTH Indonesia, and Papua New Guinea!!!  ‚Ä¶","Other relevant information"
"576558220799447040","Sat Mar 14 01:39:26 +0000 2015","At least 44 people have died in cyclone that hit Vanuatu.  http://t.co/fprh0hEVx5  #auspol","Injured or dead people"
"576573999536189440","Sat Mar 14 02:42:08 +0000 2015","Prayers go out to the people in Vanuatu !! #CyclonePam #Vanuatu","Sympathy and emotional support"
"577325952838975489","Mon Mar 16 04:30:08 +0000 2015","Rescue Effort Begins in Vanuatu After Powerful Pacific Cyclone http://t.co/pbkoJTLhth http://t.co/kn95iiBuUh","Volunteer or professional services"
"576564100655874048","Sat Mar 14 02:02:48 +0000 2015","#dailymailnews Powerful cyclone rips across Vanuatu, killing 'at least 40 people and leaving thousands homeless' a... http://t.co/ASXNjtYfzS","Other relevant information"
"577346702824214528","Mon Mar 16 05:52:35 +0000 2015","Sky News : 'Monster' Cyclone Pam Damaged 90% Of Buildings http://t.co/HMTxiSmLY7","Infrastructure and utilities"
"576633565569404928","Sat Mar 14 06:38:50 +0000 2015","Direct hit in capital #PortVila #CyclonePam Dozens feared dead in #Vanuatu http://t.co/MGesVBx6jA via @brisbanetimes - Aid needed.","Injured or dead people"
"577323918106710016","Mon Mar 16 04:22:02 +0000 2015","Vanuatu is massive crises,  we should send 5 quid each to red cross who are doing their best to reach remote areas, they need help","Money"
"577341449227804672","Mon Mar 16 05:31:42 +0000 2015","100,000+ people likely homeless. Every school destroyed. Evacuation centres full. Health facilities damaged. #Vanuatu  #CyclonePam","Displaced people"
"576589233378312192","Sat Mar 14 03:42:40 +0000 2015","Devastating storm pounds Pacific Island of Vanuatu http://t.co/OZ8YPGQiYL","Other relevant information"
"578478445014863872","Thu Mar 19 08:49:43 +0000 2015","#Haiti 2.0? #Vanuatu Gov says aid agencies swarming in but not working in a co-ordinated way... http://t.co/uIopV5uaIW #CyclonePam","Other relevant information"
"576560012312649729","Sat Mar 14 01:46:33 +0000 2015","Pam arches a brow of her own, perfectly mirroring @TheTrueViking's expression as she stares down at him‚Ä¶ http://t.co/KwCA2lD31t","Not related or irrelevant"
"577375431554297856","Mon Mar 16 07:46:44 +0000 2015","I'm sorry, but clearly these people were living in shanty style accommodation. They were effectively homeless before #TCPam &amp; still are.","Displaced people"
"576581346035822592","Sat Mar 14 03:11:19 +0000 2015","Tropical Cyclone Pam Kills at Least Four People in Vanuatu - Wall Street Journal http://t.co/iAVsqWKuSB http://t.co/XWoGt4wBf7","Injured or dead people"
"576561289469657088","Sat Mar 14 01:51:38 +0000 2015","I feel so bad for those people in Vanuatu.  Category 5 #TropicalCyclone #Pam has destroyed that island.","Sympathy and emotional support"
"576562100119580672","Sat Mar 14 01:54:51 +0000 2015","The ""once in a lifetime"" narrative about Vanuatu #cyclonepam forgets that scientists have been warning of more &amp; worse cyclones for years.","Caution and advice"
"577369483209211904","Mon Mar 16 07:23:06 +0000 2015",": Many people now lack the basics of life: clean water, food and shelter. #Vanuatu needs our help.""","Shelter and supplies"
"576562053080547328","Sat Mar 14 01:54:40 +0000 2015","Agencies investigate reports of dozens of deaths in Vanuatu http://t.co/GNoKObbnmx #CyclonePAM","Injured or dead people"
"576593526579798016","Sat Mar 14 03:59:43 +0000 2015","@UNICEFNZ @unicefaustralia Via sat phone from Luganville. Everything ok. Trees down and some roofs off no report of injuries #CyclonePam","Injured or dead people"
"576621418256863232","Sat Mar 14 05:50:33 +0000 2015","Our thoughts are with you Vanuatu #love2vanuatu #CyclonePam","Sympathy and emotional support"
