id,created_at,text,label
575736693820514304,Wed Mar 11 19:14:59 +0000 2015,cyclone nathan remains cat D but conditions are deteriorating on the fnq coast as he enters the stalling httpAddress http httpAddress ji9mgq9bqb,Caution and advice
576324757471232000,Fri Mar 13 10:11:44 +0000 2015,usrId flooding in #carnarvon #tcolwyn #cycloneolwyn http httpAddress crnfvwczmk http httpAddress wlxculcmcj #nogood #cyclone #allthatfood,Infrastructure and utilities
576344945780461568,Fri Mar 13 11:31:57 +0000 2015,residents on remote islands have been alerted by text msgs from vanuatus national disaster mmgt office http httpAddress 5yojxeiw5x #cyclonepam,Caution and advice
576345598397259776,Fri Mar 13 11:34:33 +0000 2015,photo eye of cyclone pam nears vanuatu winds at DD mph usrId photo eye of cyclone pam nears httpAddress http httpAddress hjxju02qb9,Caution and advice
575736037986578433,Wed Mar 11 19:12:22 +0000 2015,#tcnathan our first ever tropical cyclone usrId heavy rain all night waiting for first light,Other relevant information
576334008298115073,Fri Mar 13 10:48:30 +0000 2015,huge cyclone bears down on tiny nation of vanuatu http httpAddress bi45zphs76 http httpAddress ptezsofcpe,Other relevant information
576331469775306752,Fri Mar 13 10:38:24 +0000 2015,oxfam now preparing to respond to #cyclonepam after it unexpectedly veered west placing number of vanuatus islands directly in eye of storm,Volunteer or professional services
576329137805127680,Fri Mar 13 10:29:08 +0000 2015,talent misdirection cyclone pass ignite pass vanishing drive phantom shot #bot,Not related or irrelevant
576327226687246336,Fri Mar 13 10:21:33 +0000 2015,#tbh not feeling ok about the cyclone that s gonna be hitting perth ! #feelingscared,Not related or irrelevant
576348760432775168,Fri Mar 13 11:47:07 +0000 2015,for sale mercury comet cyclone gt DD v D 4spd http httpAddress bzbfmkgtlf #usa #classiccars #cars #carsforsale http httpAddress 0gsvd7uaa3,Not related or irrelevant
575736502006603776,Wed Mar 11 19:14:13 +0000 2015,DD DD DD est tropical cyclone advice for tc nathan http httpAddress s7vuhvvom4,Caution and advice
576344514610200576,Fri Mar 13 11:30:14 +0000 2015,latest info cat5 #cyclonepam #pam hitting #portvila #efate island #vanuatu https httpAddress zdd3om6iah #pam #hurricane http httpAddress ujofgpahjr,Caution and advice
576333099790790656,Fri Mar 13 10:44:53 +0000 2015,for school buildings repairs damaged in hud hud cyclone DD amount released into smc httpAddress gangadhar,Not related or irrelevant
576340146385121280,Fri Mar 13 11:12:53 +0000 2015,usrId youll be starting to get rain from the cyclone that blew through here httpAddress,Not related or irrelevant
576344661335281664,Fri Mar 13 11:30:49 +0000 2015,good luck httpAddress,Sympathy and emotional support
576352922419658752,Fri Mar 13 12:03:39 +0000 2015,hope the folks in #vanuatu keep safe and remain httpAddress,Sympathy and emotional support
576330278009901056,Fri Mar 13 10:33:40 +0000 2015,DD to DD km winds hitting vanuatu httpAddress usrId reporting #cyclonepam extremely destructive and those in its path in great httpAddress,Caution and advice
576350021186142210,Fri Mar 13 11:52:07 +0000 2015,that said be safe httpAddress,Sympathy and emotional support
576353289903562752,Fri Mar 13 12:05:07 +0000 2015,see latest updates from #vanuatu s weather service here http httpAddress bqhvsg5cer #tcpam #cyclonepam,Caution and advice
576341007366754304,Fri Mar 13 11:16:18 +0000 2015,if there is one place on earth you don t want to be right now it s port vila vanuatu ; unless you like getting destroyed by a cat D httpAddress,Not related or irrelevant
576328281324175360,Fri Mar 13 10:25:44 +0000 2015,wishing everyone at vanuatu to stay httpAddress especially httpAddress #tc pam,Sympathy and emotional support
576335781024808960,Fri Mar 13 10:55:32 +0000 2015,follow usrId usrId usrId for news and updates on #tcpam httpAddress staka thoughts lo iufala fren ni vanuatu,Sympathy and emotional support
575736803677761536,Wed Mar 11 19:15:25 +0000 2015,advice from bom cyclone nathan category D moving slowly southwest towards the coast #tcnathan #tcnathan #bigwet http httpAddress tfv7pfhpnj,Caution and advice
576333430620704768,Fri Mar 13 10:46:12 +0000 2015,chevron workers sleep on concrete floor as cyclone olwyn rips through workers at chevron s wheatstone project in http httpAddress jnfjqi6nzy,Not related or irrelevant
576346624508579840,Fri Mar 13 11:38:37 +0000 2015,vanuatu braces for cyclonepam http httpAddress m4jdnlmnbl,Caution and advice
576329516311818240,Fri Mar 13 10:30:39 +0000 2015,port vila vanuatu ap the small pacific archipelago of vanuatu is urging people to tak #green http httpAddress pcofhugl41,Caution and advice
576335718785527809,Fri Mar 13 10:55:17 +0000 2015,usrId beware cyclone sausage !?,Not related or irrelevant
576352627451101184,Fri Mar 13 12:02:29 +0000 2015,usrId taliban al qaeda wouldn t have grown if not for mi6 cia operation cyclone https httpAddress wp5acchfwi record opium yield now why ?,Not related or irrelevant
576334938183634944,Fri Mar 13 10:52:11 +0000 2015,#sydney #bendigo pages DD march 2015further assistance for cyclone affected queensland communities the httpAddress http httpAddress w0mnvs3jsk,Not related or irrelevant
576342510345158656,Fri Mar 13 11:22:17 +0000 2015,amazing stuff #vanuatu getting hit hard http httpAddress jialb1aq9r #staysafe #portvilla,Caution and advice
576337672244981760,Fri Mar 13 11:03:03 +0000 2015,cyclone pam ploughs through pacific http httpAddress sc6uamotyy,Other relevant information
576322420002463744,Fri Mar 13 10:02:27 +0000 2015,#tcolwyn just been downgraded to a cat D cyclone as it approaches #sharkbay it will continue weakening overnight down to cat D at #geraldton,Not related or irrelevant
575736452413136897,Wed Mar 11 19:14:01 +0000 2015,tropical cyclone nathan now a category two will strengthen further http httpAddress qjxhw3debs,Caution and advice
576345714390884352,Fri Mar 13 11:35:00 +0000 2015,the un says people who didn t heed warnings could be worst off as #cyclonepam hits #vanuatu usrId rop updates on #theworld #abcnews24,Sympathy and emotional support
576347489294417920,Fri Mar 13 11:42:04 +0000 2015,usrId thoughts and prayers with vanuatu,Sympathy and emotional support
576351826422992896,Fri Mar 13 11:59:18 +0000 2015,bbc news cyclone pam bears down on south httpAddress hahatitle my hotel is shaking http httpAddress hodrqct4ny,Personal updates
576347728961110016,Fri Mar 13 11:43:01 +0000 2015,hams keep an ear open for yj vanuatu httpAddress cyclone pam making a httpAddress try DD DD 10m smaller antennas might httpAddress #hamr #hamradio,Caution and advice
576328227607736320,Fri Mar 13 10:25:31 +0000 2015,the news is like oh fuck cyclone ! but then u check metservice forecast and its like yeah few showers on sunday no big deal,Not related or irrelevant
576339867702951936,Fri Mar 13 11:11:46 +0000 2015,business interruption claims push cyclone marcia damage bill higher insurance council of australia has said httpAddress http httpAddress xc64kymnpr,Not related or irrelevant
576347885698195456,Fri Mar 13 11:43:38 +0000 2015,yeah so we re on a high alert for a cyclone coming my way so if i die i want u at my funeral and i love u usrId,Not related or irrelevant
576323042986475520,Fri Mar 13 10:04:55 +0000 2015,stay safe vanuatu !,Sympathy and emotional support
576339094147457024,Fri Mar 13 11:08:42 +0000 2015,the posts on the humans of vanuatu page frankly look quite httpAddress,Not related or irrelevant
576351082286190593,Fri Mar 13 11:56:20 +0000 2015,our thoughts are with you #vanuatu hope you come out the other side of #tcpam okay ! listen to #radio #australia for updates !,Sympathy and emotional support
576332394363379712,Fri Mar 13 10:42:05 +0000 2015,cyclone rusty update D 03z D D5 http httpAddress sg0ziqrqxg,Not related or irrelevant
576327367645360128,Fri Mar 13 10:22:06 +0000 2015,#tcpam has strengthened to cat D amp ; now threatens httpAddress evacuation alerts issued amp ; gusts of than 32Dkm h expected https httpAddress 4jexvgjoxr,Caution and advice
576342630860124161,Fri Mar 13 11:22:45 +0000 2015,httpAddress pushes for wb aided cyclone proof project http httpAddress kfrxrnl76c,Not related or irrelevant
576336570174689280,Fri Mar 13 10:58:40 +0000 2015,thoughts are with httpAddress what a httpAddress stay safe and httpAddress #cyclonepam,Sympathy and emotional support
576351003252916224,Fri Mar 13 11:56:01 +0000 2015,#wa #tropicalcyclone #advice #tcjack #ctcorp number DD D DD pm wst tropical cyclone advice number DD issued httpAddress http httpAddress g9kgwrfywv,Caution and advice
576350072851451904,Fri Mar 13 11:52:20 +0000 2015,cyclone olwyn weakens but destructive winds still hitting coastal wa http httpAddress wiet2zsecm #perthnews,Caution and advice
576349905524011009,Fri Mar 13 11:51:40 +0000 2015,cyclone pam ploughs through pacific http httpAddress 4ixng0n0hz,Other relevant information
576353522247159808,Fri Mar 13 12:06:02 +0000 2015,for #cyclonepam updates follow our vanuatu country director httpAddress media contact usrId to donate http httpAddress 61wujpuruf,Caution and advice
576343844427550720,Fri Mar 13 11:27:35 +0000 2015,let s hope our onion in chief is as gung ho amp ; bolshie about sending troops to vanuatu amp ; httpAddress death cult of another httpAddress #cyclonepam,Not related or irrelevant
576342027182456832,Fri Mar 13 11:20:21 +0000 2015,usrId usrId have a great day were going to tauranga for weekend before cyclone pam gets httpAddress love tauranga ?,Not related or irrelevant
576353502957428736,Fri Mar 13 12:05:57 +0000 2015,#southpacific s #vanuatu braces itself for #cyclonepam http httpAddress 3vncoolsrz,Caution and advice
576348116103790592,Fri Mar 13 11:44:33 +0000 2015,nichola krey usrId humanitarian head amp ; former #vanuatu county director on usrId at 11pm on likely impact as #tcpam hits,Other relevant information
576351374952235008,Fri Mar 13 11:57:30 +0000 2015,eyewall of httpAddress D #cyclone #pam now lashing efate island #vanuatu including the capital of port httpAddress http httpAddress mgz3fo7imk,Other relevant information
576326787652784128,Fri Mar 13 10:19:48 +0000 2015,cyclone pam ploughs through pacific http httpAddress ol48o6gzxw,Other relevant information
576323219445035009,Fri Mar 13 10:05:37 +0000 2015,flooding in vanuatu as cyclone hits maximum strength daily mail http httpAddress crpb0ajbgy #prayforvhongnavarro,Sympathy and emotional support
576330789899657216,Fri Mar 13 10:35:42 +0000 2015,possibly httpAddress cyclone httpAddress #understatedescalation from httpAddress #geraldton #midwestwa #tcolwyn #westernaustr http httpAddress gtz3hlljfd,Not related or irrelevant
576337082072727552,Fri Mar 13 11:00:42 +0000 2015,listening to fm107 for updates on #cyclonepam on http httpAddress zhhcahknvb #staysafe #vanuatu,Caution and advice
576345153520017408,Fri Mar 13 11:32:47 +0000 2015,geraldton sunset pre cyclone #olwyn http httpAddress mir2uzwzub,Not related or irrelevant
576352337561849856,Fri Mar 13 12:01:20 +0000 2015,video cyclone pam my hotel is shaking http httpAddress camolg1tm2,Personal updates
576332040460718080,Fri Mar 13 10:40:40 +0000 2015,team concerned not enough being done to evacuate children to safety as #cyclonepam heads towards #vanuatu http httpAddress szvrvvkjsg,Displaced people
576340056773955584,Fri Mar 13 11:12:32 +0000 2015,perth maybe it s the cyclone but where s all the trees ? http httpAddress j1taa8mwhn,Not related or irrelevant
576332956177817600,Fri Mar 13 10:44:19 +0000 2015,more like lameclone ! amirite ?! #gerostorm #cyclone #olwyn http httpAddress yxpisob273,Not related or irrelevant
576323529928388608,Fri Mar 13 10:06:51 +0000 2015,video cyclone pam my hotel is shaking http httpAddress aay5dozndk,Personal updates
576343692736225280,Fri Mar 13 11:26:58 +0000 2015,whenever it comes to public service the country looks towards httpAddress it has been proven during kashmir floods and andhra httpAddress,Not related or irrelevant
576340057583411200,Fri Mar 13 11:12:32 +0000 2015,with cyclone olwyn wreaking havoc north of perth we are finally getting some much needed httpAddress yes sunset has httpAddress http httpAddress rfjw5enpou,Not related or irrelevant
576352044082196480,Fri Mar 13 12:00:10 +0000 2015,help the victimes of #cyclonepam . it s hitting south pacific kiribati solomon islands #vanuatu https httpAddress 6zuwzkvcsn,Money
576325219536625665,Fri Mar 13 10:13:34 +0000 2015,thinking of our httpAddress usrId #cyclonepam category D 16Dmph winds red alert in vanuatu http httpAddress nskD9koajt http httpAddress dijxsh8duo,Sympathy and emotional support
576324911922204672,Fri Mar 13 10:12:21 +0000 2015,residents seek shelter as cyclone pam bears down on vanuatuthe coastline near melsisihcregan http httpAddress cs4wcedlag,Displaced people
576322735011471360,Fri Mar 13 10:03:42 +0000 2015,#cyclone #cat3 #olwyn carnarvon wa DD https httpAddress om1nay4z1q,Not related or irrelevant
576326676537221120,Fri Mar 13 10:19:21 +0000 2015,cyclone httpAddress http httpAddress 7ve3czyy3h,Caution and advice
576328571620298752,Fri Mar 13 10:26:53 +0000 2015,live updates super cyclone pam with images tweets unicefnz storify http httpAddress d7q22dwrdg,Caution and advice
576352009722294272,Fri Mar 13 12:00:01 +0000 2015,stay safe #vanuatu,Sympathy and emotional support
576337548403834880,Fri Mar 13 11:02:34 +0000 2015,here s how the weather looks a thousand miles from a force five httpAddress hope vanuatu is httpAddress #cyclonepam #niue http httpAddress 7jyxwehkqm,Not related or irrelevant
576352016462659584,Fri Mar 13 12:00:03 +0000 2015,at virtues cyclone maryland wells demarco for are higher central,Not related or irrelevant
576343114463363072,Fri Mar 13 11:24:41 +0000 2015,hang in there httpAddress,Sympathy and emotional support
576335650397380608,Fri Mar 13 10:55:01 +0000 2015,15m waves with 250km h wind behind them plus a 5m storm httpAddress don t pray for vanuatu send cash to rebuild homes and httpAddress,Caution and advice
576428649282310144,Fri Mar 13 17:04:34 +0000 2015,have mercy pam http httpAddress dog3lngipv,Other relevant information
576432318283423744,Fri Mar 13 17:19:08 +0000 2015,mt usrId 2hrs ago #vanuatu efate still feeling hurricane force httpAddress some communication returning #tcpam #cyclonepam #hmrd via ac,Caution and advice
576426541883621377,Fri Mar 13 16:56:11 +0000 2015,mental illness parin bottomline hy . baka god s way of helping pam hi pam lol,Not related or irrelevant
576429486574469120,Fri Mar 13 17:07:53 +0000 2015,#tcpam #vanuatu from usrId flimsy buildings great concern for residents httpAddress http httpAddress mmlb1hhia6 #cylconepam,Other relevant information
576421558761160705,Fri Mar 13 16:36:23 +0000 2015,flooding in vanuatu as cyclone hits maximum strength usrId http httpAddress nt5u6jnqqe,Other relevant information
576365144961339392,Fri Mar 13 12:52:13 +0000 2015,tropical cyclone advice number 26 issued at DD DD pm est on friday DD march 2015 headline cyclone nathan httpAddress http httpAddress dy4sqrofba,Caution and advice
576431148508831744,Fri Mar 13 17:14:30 +0000 2015,usrId i m so sorry you re not getting the support you need right now pam i understand it must be upsetting for httpAddress ar,Not related or irrelevant
576359145173098496,Fri Mar 13 12:28:23 +0000 2015,amazing pics of super cyclone #pam http httpAddress gqn5ghsexf,Caution and advice
576363439888547841,Fri Mar 13 12:45:27 +0000 2015,cyclone pam sounds like a freight train herald sun http httpAddress vcfeb6whpp #gabriela,Not related or irrelevant
576356091753185280,Fri Mar 13 12:16:15 +0000 2015,cyclone !,Not related or irrelevant
576421746988982272,Fri Mar 13 16:37:08 +0000 2015,random s o to mama pam just cause she s the httpAddress #loveher http httpAddress d8eclas8sh,Not related or irrelevant
576422707841097728,Fri Mar 13 16:40:57 +0000 2015,one of my favorite usrId professors pam regis usrId romance was quoted in this article ! http httpAddress lh5gfwm0p6 usrIdanielenglish,Not related or irrelevant
576366241998319616,Fri Mar 13 12:56:35 +0000 2015,tropical cyclone nathan advice .. http httpAddress 3wzvj2qncl,Caution and advice
576362132025032704,Fri Mar 13 12:40:15 +0000 2015,shit scared for my brother who lives in a remote ish coastal area of httpAddress if i get any sleep i really need to wake up to good httpAddress,Sympathy and emotional support
576432415230402561,Fri Mar 13 17:19:32 +0000 2015,enjoying super hit cyclone of entertainment and action of his majesty emperor salman khan of year 2004 garv pride and honour on utv movies,Not related or irrelevant
576429619722772480,Fri Mar 13 17:08:25 +0000 2015,cyclone pam leaving a trail of devastation in pacific ocean http httpAddress ckhytrxqvi,Other relevant information
576356177933529088,Fri Mar 13 12:16:35 +0000 2015,bearcat game day and cyclone game day ! it doesn t get any better than that !,Not related or irrelevant
576364659403522048,Fri Mar 13 12:50:17 +0000 2015,#vanuatu #tcpam #cyclonepam direct hit http httpAddress 8bq0orrt4h,Caution and advice
576355966876270593,Fri Mar 13 12:15:45 +0000 2015,#cyclone olwyn downgraded to category D as it continues to track down australia s coast usrId com au http httpAddress yffxsf9s8p,Not related or irrelevant
576365433600638978,Fri Mar 13 12:53:22 +0000 2015,very destructive winds amp ; very rough to phenomenal seas with #cyclonepam says vanuatu met service with latest update http httpAddress m3oex0j8nw,Caution and advice
576429654187249664,Fri Mar 13 17:08:33 +0000 2015,the island nation of vanuatu is getting slammed by a terrifying cyclone share tap image to zoommsat httpAddress http httpAddress estqkhz0z4,Caution and advice
576421907672760320,Fri Mar 13 16:37:46 +0000 2015,cyclone pam leaving a trail of devastation in pacific ocean http httpAddress zxvbv3dyil,Other relevant information
576357239948066816,Fri Mar 13 12:20:48 +0000 2015,oxfaminvanuatu sad that it takes #cyclonepam for the world to notice httpAddress time for #voiceforvanuatu httpAddress,Sympathy and emotional support
576358462998724608,Fri Mar 13 12:25:40 +0000 2015,thinking of you #vanuatu stay safe !! #cyclonepam,Sympathy and emotional support
576424618853998592,Fri Mar 13 16:48:33 +0000 2015,several homes and a school classroom were destroyed and crops were flooded solomon islands broadcasting corporation http httpAddress vjqdjc0pbr,Infrastructure and utilities
576362544811528192,Fri Mar 13 12:41:53 +0000 2015,cyclone pam hits vanuatu wellngton new zealand ap an extremely powerful cyclone blew over islands in httpAddress http httpAddress 6vzfwf9war,Caution and advice
576361469115158528,Fri Mar 13 12:37:37 +0000 2015,cannot imagine what they re facing in port villa but hope amp ; pray no lives are lost and cyclone pam has mercy on them #jesustakethewheel,Sympathy and emotional support
576431420752683008,Fri Mar 13 17:15:34 +0000 2015,4.6 earthquake ! fri mar DD DD DD DD eet DD near 187km w of ile hunter new caledonia http httpAddress jcjlm511nc,Not related or irrelevant
576430193348329473,Fri Mar 13 17:10:42 +0000 2015,hey usrId are you sure you want to marry me ?! #cyclonepam #watchout http httpAddress 5wj7aqclqk,Not related or irrelevant
576428649710166016,Fri Mar 13 17:04:34 +0000 2015,worst may be past for port vila pressure suggests maybe not a direct hit but bad ; spare a thought for all vanuatu http httpAddress avixxyblj3,Caution and advice
576363396406190080,Fri Mar 13 12:45:16 +0000 2015,i think we should all plan a holiday to vanuatu to help their economy when it s httpAddress #cyclonepam #tcpam #vanuatu #staysafe,Sympathy and emotional support
576427931930632192,Fri Mar 13 17:01:43 +0000 2015,pum pum pam,Not related or irrelevant
576423650808741888,Fri Mar 13 16:44:42 +0000 2015,severe tc pam is crossing vanuatu with a central pressure of DD hpa sustained winds of DD km hr knots close to the centre,Other relevant information
576364967093403648,Fri Mar 13 12:51:31 +0000 2015,usrId vanuatu has the most amazing httpAddress keep us posted on your response httpAddress good luck amp ; stay httpAddress,Not related or irrelevant
576423752675684352,Fri Mar 13 16:45:06 +0000 2015,usrId we approve httpAddress this is how it s httpAddress,Not related or irrelevant
576428271862202368,Fri Mar 13 17:03:04 +0000 2015,usrId hell yea shit good so httpAddress pam as a muslim is too httpAddress,Not related or irrelevant
576367369410465792,Fri Mar 13 13:01:03 +0000 2015,#cyclonepam flooding destructive winds as category five storm bears down on vanuatu http httpAddress qfdjm3lw0d,Other relevant information
576366648308862976,Fri Mar 13 12:58:11 +0000 2015,#south pacific s #vanuatu #braces #itself for #cyclone pam http httpAddress wyfgxiw35c #pacifics http httpAddress drq01qwjk2,Caution and advice
576359856522821633,Fri Mar 13 12:31:12 +0000 2015,small pacific nation of vanuatu hit by powerful cyclone http httpAddress kzogqomrhg,Caution and advice
576425382343258112,Fri Mar 13 16:51:35 +0000 2015,playing hunter island https httpAddress sbknggfqok http httpAddress jhiwto1t4y,Not related or irrelevant
576425272188207104,Fri Mar 13 16:51:09 +0000 2015,i refuse to watch the episodes of the office where jim and pam are not together or fighting bc i ll httpAddress,Not related or irrelevant
576354332553011200,Fri Mar 13 12:09:15 +0000 2015,prayers for httpAddress,Sympathy and emotional support
576425858430205952,Fri Mar 13 16:53:28 +0000 2015,scary ! keep safe #vanuatu #cyclonepam #tcpam http httpAddress rtr1dggbdy,Sympathy and emotional support
576427601188782081,Fri Mar 13 17:00:24 +0000 2015,tropical httpAddress http httpAddress iogu61gk7x,Other relevant information
576360468266151937,Fri Mar 13 12:33:38 +0000 2015,cyclone pam ploughs through pacific http httpAddress 8rbexz9dxd,Caution and advice
576423773974470656,Fri Mar 13 16:45:11 +0000 2015,and wind gusts to DD kn hr . an extensive clud band with thunderstorms is visible around httpAddress,Other relevant information
576431900207640576,Fri Mar 13 17:17:29 +0000 2015,usrId http httpAddress kq5iztvnuc http httpAddress hbwehhbtoz take a look at both of these ! might need somebody for both if you re down !,Not related or irrelevant
576422101617344512,Fri Mar 13 16:38:33 +0000 2015,httpAddress state of emergency declared in #tuvalu after tidal surges wash away houses and httpAddress our httpAddress http httpAddress bm41q6dklx,Caution and advice
576431684880625664,Fri Mar 13 17:16:37 +0000 2015,s pam,Not related or irrelevant
576353887889723392,Fri Mar 13 12:07:29 +0000 2015,at DD 00pm local time severe tropical cyclone pam was located at httpAddress degrees south httpAddress degrees httpAddress this httpAddress http httpAddress 1zctjgy0po,Caution and advice
576356443156307968,Fri Mar 13 12:17:38 +0000 2015,reading comments on usrId facebook page from those on #vanuatu island of httpAddress pretty much going through hell right httpAddress #cyclonepam,Personal updates
576427444846010368,Fri Mar 13 16:59:47 +0000 2015,may all life be httpAddress more than DD DD people at risk as cyclone pam bears down on #vanuatu http httpAddress l9ikuasogb usrId #weather,Sympathy and emotional support
576431401077075969,Fri Mar 13 17:15:30 +0000 2015,i met so many wonderful folks from erromango while reporting in httpAddress hold firm pastor robbie and everybody httpAddress #tcpam,Not related or irrelevant
576363665068138498,Fri Mar 13 12:46:20 +0000 2015,click http httpAddress tklahdy7nn #vanuatu super cyclone #pam 295kph #emao #pele #nguna #moso #lelepa #kakula #eretoka http httpAddress aekdtomp1n,Caution and advice
576362114937270272,Fri Mar 13 12:40:11 +0000 2015,current wind gusts with #cyclone #pam over #vanuatu http httpAddress uxgsu79zbd,Caution and advice
576426144049733632,Fri Mar 13 16:54:36 +0000 2015,my sister sent me a snap of her campus visit with a cyclone httpAddress they grow up so fast,Not related or irrelevant
576423994225614848,Fri Mar 13 16:46:04 +0000 2015,tropical cyclone pam D http httpAddress r8d48cajmf,Caution and advice
576430496172924928,Fri Mar 13 17:11:54 +0000 2015,#cyclone #pam lashes #vanuatu with category D winds http httpAddress vau1rwwD3k,Caution and advice
576421426627899392,Fri Mar 13 16:35:52 +0000 2015,usrId please have a fundraiser at #loropianasyr for our industry friends and people of #vanuatu #pam #cyclone they need our help #yag,Sympathy and emotional support
576354957915389952,Fri Mar 13 12:11:44 +0000 2015,usrId usrId usrId usrId usrId usrId #c5 pam #vanuatu in prayers across islands tonight http httpAddress pmxtsubk7q,Sympathy and emotional support
576427136275206144,Fri Mar 13 16:58:33 +0000 2015,vanuatu monster makes direct hit on island http httpAddress xzpb1utnnp,Other relevant information
576421974332698624,Fri Mar 13 16:38:02 +0000 2015,rt usrId monstrous category D cyclone makes direct hit on tiny #vanuatu http httpAddress r29udsens4 via usrId,Other relevant information
576429099004080129,Fri Mar 13 17:06:21 +0000 2015,#mostread pam steps out with new man http httpAddress 0amwkqgkuy,Not related or irrelevant
576421733344768000,Fri Mar 13 16:37:05 +0000 2015,tropical cyclone pam slams vanuatu capital tropical cyclone pam one of the strongest storms seen in the south http httpAddress p0mi9ccr70,Other relevant information
576422487849832448,Fri Mar 13 16:40:05 +0000 2015,getting my taxes httpAddress asked me where do i have time to do all these things us navy pam s kitchen church school landlord amp ; live life,Not related or irrelevant
576430666633498624,Fri Mar 13 17:12:35 +0000 2015,tropical cyclone pam menaces vanuatu http httpAddress lehoqok0pq,Other relevant information
576426347632988160,Fri Mar 13 16:55:25 +0000 2015,usrId no ma m httpAddress i do not hold him blame xae and cutie !,Not related or irrelevant
576363198317654016,Fri Mar 13 12:44:29 +0000 2015,hope the folk at st mary star of the sea in carnarvon have made it through cyclone olwyn with minimal httpAddress,Sympathy and emotional support
576358311618088960,Fri Mar 13 12:25:04 +0000 2015,thinking of you vanuatu http httpAddress qlynoirr6l,Sympathy and emotional support
576365175101468672,Fri Mar 13 12:52:20 +0000 2015,mt usrId latest mtsat infrared imagery of tropical cyclone httpAddress loop here http httpAddress rfkbacrwqg http httpAddress 8xdc5wersy #tcpam,Caution and advice
576422336397619201,Fri Mar 13 16:39:29 +0000 2015,rt usrId visible and ir imagery of cyclone #pam taken around DD httpAddress march DD DD D DD pm edt http httpAddress d0phffllw,Other relevant information
576421634090921984,Fri Mar 13 16:36:41 +0000 2015,usrId todo mundo de cyclone,Not related or irrelevant
576425798791401473,Fri Mar 13 16:53:14 +0000 2015,monster storm hits vanuatu http httpAddress 9wyy2hpbgc #world #health,Caution and advice
576422428085215232,Fri Mar 13 16:39:50 +0000 2015,pam s photographer is able and httpAddress everyone needs someone like httpAddress,Not related or irrelevant
576429767873937408,Fri Mar 13 17:09:00 +0000 2015,httpAddress a httpAddress #cyclonepam image via mashable http httpAddress cigjldpkh2,Caution and advice
576364654709993472,Fri Mar 13 12:50:16 +0000 2015,better get adf and aid ready for climate disaster in vanuatu usrId,Not related or irrelevant
576421468227125249,Fri Mar 13 16:36:02 +0000 2015,shelf cloud near rhodes today httpAddress photo by panagiotis e . mitrovgenis via cyclone of httpAddress cloud .. http httpAddress 2cekicbymm,Not related or irrelevant
576429969393496064,Fri Mar 13 17:09:48 +0000 2015,pamela geller calls jon stewart the most disgusting jew on the planet http httpAddress kbo2tglznh via usrId,Not related or irrelevant
576366077116047360,Fri Mar 13 12:55:55 +0000 2015,mt usrId we need your help by raising awareness for #cyclonepam https httpAddress 0iig16uzk2 help by donating #support4pam,Caution and advice
576364946088296448,Fri Mar 13 12:51:26 +0000 2015,usrId vanuatu is an island nation in the middle of the httpAddress let s #prayforvanuatu usrId,Sympathy and emotional support
576421740701573120,Fri Mar 13 16:37:07 +0000 2015,tropical cyclone olwyn landfalls as nasa s terra satellite flies overhead #science http httpAddress 6w0z9nuijj http httpAddress q5hf5l4khj,Other relevant information
576429807665225728,Fri Mar 13 17:09:10 +0000 2015,#cycloneolwyn chevron workers slept on concrete floor cardboard as cyclone ol http httpAddress ey8csrd7ti,Not related or irrelevant
576355505771253760,Fri Mar 13 12:13:55 +0000 2015,usrId k hi please share and raise awaireness ! https httpAddress 6zuwzkvcsn,Not related or irrelevant
576431776349868032,Fri Mar 13 17:16:59 +0000 2015,usrId usrId lepisto hi debra indeed she is ! warm hugs pam,Not related or irrelevant
576354757071233024,Fri Mar 13 12:10:56 +0000 2015,#southpacificocean #maritime #shipping #wx #news severe tropical #cyclone #pam cat5 #17p #hurricane warning httpAddress http httpAddress 5i50xqmsc1,Caution and advice
576431771140620288,Fri Mar 13 17:16:58 +0000 2015,mt usrId a red alert has been issued as #cyclonepam lashes httpAddress here s the latest cont http httpAddress wl7ov5cnod,Caution and advice
576433585391067139,Fri Mar 13 17:24:11 +0000 2015,flooding in vanuatu as cyclone hits with maximum strength http httpAddress ytpoxbjaus,Infrastructure and utilities
576440929084706817,Fri Mar 13 17:53:21 +0000 2015,join me amp ; lady pam tomorrow at the stone mountain campus DD am ! http httpAddress 5wvsvu6lip,Not related or irrelevant
576433285124911104,Fri Mar 13 17:22:59 +0000 2015,plastic pam ? anderson sports dramatically different facial features at movie premiere http httpAddress dqwuavoo2q,Not related or irrelevant
576437978941165568,Fri Mar 13 17:41:38 +0000 2015,top asian news at D DD httpAddress gmt wellngton new zealand ap an extremely powerful cyclone blew over httpAddress http httpAddress jbhr2kporh,Other relevant information
576440154941952000,Fri Mar 13 17:50:17 +0000 2015,cyclone pam nears vanuatu after hitting south pacific nations  watch yourselves i ve got a cyclone named after me ! http httpAddress zh0g7o51ky,Caution and advice
576444896829112322,Fri Mar 13 18:09:07 +0000 2015,man two days ago the gfs nailed the track of cyclone pam as it passed efate to within a httpAddress that s httpAddress,Not related or irrelevant
576439600622731264,Fri Mar 13 17:48:05 +0000 2015,usrId pim pam crack es lo que te llevas tu jajajaja cause i m only a crack in this castle of glass momento musical de linkin park,Not related or irrelevant
576436192717176832,Fri Mar 13 17:34:32 +0000 2015,cyclone pam mtsat infrared loop http httpAddress rkj4kkyzu7,Caution and advice
576436289463025664,Fri Mar 13 17:34:55 +0000 2015,pam rated us D out of D ! thanks for saving me from diy sos httpAddress happy lunch in the httpAddress http httpAddress szlfnkjxbm,Not related or irrelevant
576443970630381568,Fri Mar 13 18:05:27 +0000 2015,super cyclone changes usrId httpAddress http httpAddress j7r04dsfp0,Not related or irrelevant
576444195872874496,Fri Mar 13 18:06:20 +0000 2015,pam oliver s nfl coverage will httpAddress fox has asked the DD year old sideline reporter back for D more seasons ! http httpAddress 7eddiwhi3k,Not related or irrelevant
576437314064240640,Fri Mar 13 17:39:00 +0000 2015,usrId notsierra you and chloe shall rise against the pam,Not related or irrelevant
576432737298464768,Fri Mar 13 17:20:48 +0000 2015,links only bizaar DD bi0metrics ; ebola DD DD dead ; india bizaar weddings ; massive cyclone http httpAddress 5diweb93de via usrId,Not related or irrelevant
576434721703460864,Fri Mar 13 17:28:41 +0000 2015,i am titan how about you ? cyclone joker http httpAddress 16zbfn9rga,Not related or irrelevant
576433757315543040,Fri Mar 13 17:24:52 +0000 2015,beautiful satellite image of #pam http httpAddress akzz7gvarl,Other relevant information
576445214564331520,Fri Mar 13 18:10:23 +0000 2015,there are so many more cyclone fans down here than jayhawk fans y httpAddress this must httpAddress #rockchalk #kubball,Not related or irrelevant
576436175314911232,Fri Mar 13 17:34:28 +0000 2015,rick is back in pam s good graces bc he took D lemon bars httpAddress #boldandbeautiful,Not related or irrelevant
576436749720633344,Fri Mar 13 17:36:45 +0000 2015,usrId i feel like i can help with the pan pam httpAddress,Not related or irrelevant
576440139221581827,Fri Mar 13 17:50:13 +0000 2015,cyclone marcia claims surpass DD httpAddress subscribe for #reinsurance #news updates that matter from http httpAddress fp0k96lccq,Infrastructure and utilities
576435280644714496,Fri Mar 13 17:30:55 +0000 2015,ctrn 4q14 q amp ; a pam suntrust branded component evolution vs . last year ? evp its very small amount amp ; only up against 1q13 D .,Not related or irrelevant
576434882995453952,Fri Mar 13 17:29:20 +0000 2015,mt usrId #vanuatu latest reports from usrId usrId usrId usrId amp ; more on #cyclonepam http httpAddress ruf6be2ler #tcpam,Caution and advice
576434808462671872,Fri Mar 13 17:29:02 +0000 2015,Dr Dh 0e bow pam D bow D end Drd recap https httpAddress cbsygjwvoz,Not related or irrelevant
576440963545063425,Fri Mar 13 17:53:30 +0000 2015,httpAddress a httpAddress #cyclonepam image via mashable http httpAddress bc5rzk5n5z the weather channel weatherchann http httpAddress ygrlynwavu,Other relevant information
576441887386652672,Fri Mar 13 17:57:10 +0000 2015,tiny island nation of #vanuatu subject to tremendous usrId documentary recently is being thrashed by cat D hurricane w no defences,Other relevant information
576441705857196033,Fri Mar 13 17:56:27 +0000 2015,tropical cyclone olwyn landfalls as nasa s terra satellite flies overhead http httpAddress eydmjnsxga #space,Not related or irrelevant
576438604890689536,Fri Mar 13 17:44:07 +0000 2015,cyclones the arctic co2 from china and httpAddress it s all httpAddress and all httpAddress let the weekend debate begin ! http httpAddress ib8uj8ysj7,Not related or irrelevant
576443089130102784,Fri Mar 13 18:01:56 +0000 2015,intense storms in #pam s eyewall battering #vanuatu w 160mph winds as it makes httpAddress http httpAddress ro4n9z1kfr,Infrastructure and utilities
576442326106652672,Fri Mar 13 17:58:54 +0000 2015,join us at virgin money cyclone DD DD httpAddress DD DD DD DD or DD6 miles with beautiful views something for everyone ! http httpAddress oaemwp63vn,Other relevant information
576443417376378881,Fri Mar 13 18:03:15 +0000 2015,mom yeah ! you d have to drug me to get me to be a cyclone httpAddress #classicjane #dedication,Not related or irrelevant
576435251045511169,Fri Mar 13 17:30:48 +0000 2015,#newsupdate worst case scenario feared as cyclone pam hits vanuatu tvnz http httpAddress ipvscmocbm httpAddress http httpAddress wjcfygxwlj #retweet,Caution and advice
576441546062446592,Fri Mar 13 17:55:49 +0000 2015,video tracking cyclonepam http httpAddress b96o6aowjc,Other relevant information
576441161096658944,Fri Mar 13 17:54:17 +0000 2015,high alert cat D super cyclone pam heading towards newzealand http httpAddress ch0rbjfgpd,Other relevant information
576437609221615617,Fri Mar 13 17:40:10 +0000 2015,pamela anderson s handsome son steals the show whoa ! that is one handsome celebrity spawn ! pam httpAddress http httpAddress 8jpaoc2awg #slavetrade,Not related or irrelevant
576435029246676992,Fri Mar 13 17:29:55 +0000 2015,mt usrId 100s of families in makeshift houses which will not withstand storm usrId on #cyclonepam http httpAddress qegarby9yl,Displaced people
576439413888008192,Fri Mar 13 17:47:20 +0000 2015,pam s fight against ms medical expenses youcaring https httpAddress 7o7rsqmveg,Not related or irrelevant
576438242993664001,Fri Mar 13 17:42:41 +0000 2015,as #cyclonepam hits world looks to #sendai2015 for a better approach to disaster risk http httpAddress 6q1yljqluk #wcdrr http httpAddress ow0yzru2ex,Not related or irrelevant
576440226018562048,Fri Mar 13 17:50:34 +0000 2015,one of the strongest south pacific storms in years has made a direct hit on vanuatu capital port vila raising fears of mass httpAddress,Other relevant information
576440131810381826,Fri Mar 13 17:50:11 +0000 2015,ridge often sounds like such a damn child ! man up ! he s like DD yrs older then everyone in that room ! except for httpAddress lol #boldandbeautiful,Not related or irrelevant
576441601909751809,Fri Mar 13 17:56:02 +0000 2015,use could users celebrate up cyclone,Not related or irrelevant
576443501220470784,Fri Mar 13 18:03:35 +0000 2015,terrible news from httpAddress http httpAddress gqm2shlbd0,Other relevant information
576442148511309825,Fri Mar 13 17:58:12 +0000 2015,pam tillis faved my tweet from last night lt ;3,Not related or irrelevant
576445680937406465,Fri Mar 13 18:12:14 +0000 2015,jack downing will wear httpAddress garrick perry will wear httpAddress both expected to make their cyclone debuts httpAddress,Not related or irrelevant
576436633286774784,Fri Mar 13 17:36:17 +0000 2015,usrId president bo i can ans if you follow me period r u keeping an eye on cyclone pam ? n it s on pacific ocean hope ca is httpAddress,Not related or irrelevant
576440036989751296,Fri Mar 13 17:49:49 +0000 2015,cyclone pam even my hotel is shaking http httpAddress yadlwi2suq #vanuatu,Other relevant information
576442725127573505,Fri Mar 13 18:00:30 +0000 2015,usrId usrId um httpAddress glad i m not in #vanuatu on httpAddress this one could be devastatingly bad ! #thinkingofyou #pamisabitch,Not related or irrelevant
576440572015206401,Fri Mar 13 17:51:56 +0000 2015,#tuvulu population 10k state of emergency declared http httpAddress b8ffczhrlr #hmrd #tcpam,Caution and advice
576445262006104065,Fri Mar 13 18:10:34 +0000 2015,usrId considering its remote location that s a huge httpAddress #pam,Not related or irrelevant
576442003480670208,Fri Mar 13 17:57:38 +0000 2015,would martin be the same if pam was gina an gina was pam ?,Not related or irrelevant
576433323343478784,Fri Mar 13 17:23:08 +0000 2015,my brother mark callen pam and hadley grecia http httpAddress 32mvxo9g2c,Not related or irrelevant
576445162001289216,Fri Mar 13 18:10:11 +0000 2015,who named a severe storm system #pam ?!?,Not related or irrelevant
576435071650938880,Fri Mar 13 17:30:05 +0000 2015,attention new usrId pam members ! arriving early to #sla2015 ? join us for the newcomer s dinner on D DD at httpAddress rsvp http httpAddress 1ahrbiayoh,Not related or irrelevant
576439433009958912,Fri Mar 13 17:47:25 +0000 2015,usrId usrId which one are you pam ?,Not related or irrelevant
576437680994537472,Fri Mar 13 17:40:27 +0000 2015,storm brings DD mph winds to pacific island ofvanuatu http httpAddress orfoemoqfu,Other relevant information
576439582897651712,Fri Mar 13 17:48:00 +0000 2015,it appears pams handsome son is dating disney darling bella thorne ! oh,Not related or irrelevant
576440955152166912,Fri Mar 13 17:53:28 +0000 2015,thinking of everyone in #vanuatu and waiting for updates #cyclonepam,Sympathy and emotional support
576435683268624384,Fri Mar 13 17:32:31 +0000 2015,let me be honest isn t honest at all by usrId on usrId https httpAddress sswdigg6fz,Not related or irrelevant
576433311297372160,Fri Mar 13 17:23:05 +0000 2015,#cyclonepam bearing down in the pacific update from local #climatejustice organizers #prayforthepacific http httpAddress eleijmclnn,Sympathy and emotional support
576438720003502080,Fri Mar 13 17:44:35 +0000 2015,cyclone pam http httpAddress kqacoqa8qu,Other relevant information
576444082295296000,Fri Mar 13 18:05:53 +0000 2015,is that the neo armstrong cyclone jet armstrong cannon ? it s pretty amazing oi .,Not related or irrelevant
576440615958814720,Fri Mar 13 17:52:07 +0000 2015,plastic pam ? anderson sports dramatically different facial features at movie premiere has pamela anderson httpAddress http httpAddress u8rs150u6f,Not related or irrelevant
576441508166901761,Fri Mar 13 17:55:39 +0000 2015,panda D mos old terrier mix female spayed photo by pam doughty http httpAddress iraplxkzsl,Not related or irrelevant
576442340665098240,Fri Mar 13 17:58:58 +0000 2015,usrId no worries at all pam ! we are more grateful to know you re using canva ! cheers to many more designs and awesome stuff ! eb,Not related or irrelevant
576441787004424192,Fri Mar 13 17:56:46 +0000 2015,#solomonislands #anutu island population DD phones amp ; radio down http httpAddress fiatbmgo22 #tcpam #hmrd,Caution and advice
576434838506381312,Fri Mar 13 17:29:09 +0000 2015,usrId vanuatu not enough coffee this httpAddress,Not related or irrelevant
576439248833802240,Fri Mar 13 17:46:41 +0000 2015,wild weather warning as cyclone approaches new zealand herald http httpAddress ijjdjyj6zq,Caution and advice
576445089003749376,Fri Mar 13 18:09:53 +0000 2015,south pacific cyclone kills dozens http httpAddress zkl27xsob9 sale http httpAddress neiwkxgvpb #news,Injured or dead people
576434938142048256,Fri Mar 13 17:29:33 +0000 2015,usrId hello we wanted to know as pam mam how many cutomers u hav,Not related or irrelevant
576441416936779776,Fri Mar 13 17:55:18 +0000 2015,wa emergency warning cyclone francois peron national park DD DD DD 24pm awst #dfes http httpAddress hkbzbdfnnk http httpAddress bechtvnnhv,Not related or irrelevant
576441778125025281,Fri Mar 13 17:56:44 +0000 2015,#cyclonepam batters httpAddress http httpAddress krrfuddnqu,Other relevant information
576441577234673664,Fri Mar 13 17:55:56 +0000 2015,vanuatu monster makes direct hit on island http httpAddress ykikofs0ci,Other relevant information
576436496145608704,Fri Mar 13 17:35:45 +0000 2015,eco more than DD DD people at risk as cyclone pam bears down on vanuatu reuters a massive storm is httpAddress http httpAddress gy3curnvst,Other relevant information
576441849230991360,Fri Mar 13 17:57:01 +0000 2015,#vanuatu big hugs to usrId for helping DD ppl including D #dafn into evac centers http httpAddress 1v7odusfws #tcpam #hmrd,Displaced people
576434932433588224,Fri Mar 13 17:29:32 +0000 2015,summer cyclone bavi brewing moving to philippines abs cbn news http httpAddress woveqrctpy #typhoon,Not related or irrelevant
576436690211868672,Fri Mar 13 17:36:31 +0000 2015,cyclone http httpAddress gof2rifgyx,Other relevant information
576433968637218817,Fri Mar 13 17:25:42 +0000 2015,i cant believe josh met pam,Not related or irrelevant
576442367558885376,Fri Mar 13 17:59:04 +0000 2015,that s why you win your matches !! http httpAddress oazfsmjugf #jamaicaobserverandroidapp via usrId,Not related or irrelevant
576439091513823232,Fri Mar 13 17:46:03 +0000 2015,usrId httpAddress not sure cyclone fans can handle another game like httpAddress crazy crazy emotional ride,Not related or irrelevant
576432568675016704,Fri Mar 13 17:20:08 +0000 2015,ottawa cyclone basketball from state semi finals today vs basehor on httpAddress details here usrId usrId http httpAddress jlmjfjrylv,Not related or irrelevant
576434915178233856,Fri Mar 13 17:29:28 +0000 2015,not cyclone pam ! she about to be a mess !,Not related or irrelevant
576456414412947457,Fri Mar 13 18:54:53 +0000 2015,i still cry whenever i watch jim and pam get married,Not related or irrelevant
576457756690886656,Fri Mar 13 19:00:13 +0000 2015,live tonight at D 30p cyclone gymnastics vs . temple,Not related or irrelevant
576452841935646721,Fri Mar 13 18:40:42 +0000 2015,#nrlsharksbroncos vanuatu friday the 13th #forvreb wonderful sense break your httpAddress the story of love https httpAddress wobxdo66if,Not related or irrelevant
576446755631284224,Fri Mar 13 18:16:31 +0000 2015,we finally get a cyclone after DD years and it turns out to be the most pansy ass little httpAddress i m hurt mother httpAddress irreparably httpAddress,Not related or irrelevant
576453515477843968,Fri Mar 13 18:43:22 +0000 2015,cyclone joker !,Not related or irrelevant
576458099885637632,Fri Mar 13 19:01:35 +0000 2015,cat D #cyclonepam has passed over #vanuatu s capital port httpAddress 2D0 km h httpAddress updates throughout the morning on usrId,Other relevant information
576457532534738944,Fri Mar 13 18:59:20 +0000 2015,usrId was impersonating me with her avatar now capt pam httpAddress this is not a pilot for american airlines or a 99 . be you ! #avgeek,Not related or irrelevant
576453526752215040,Fri Mar 13 18:43:25 +0000 2015,new content of vanuatu in http httpAddress h9nsvgwini #newzealand,Other relevant information
576448523962589185,Fri Mar 13 18:23:32 +0000 2015,thanks to #cyclone olwyn our #roadtrip up to #coralbay was ended prematurely in denham what stays are the #memor http httpAddress qvrvvo7twg,Not related or irrelevant
576451561334829056,Fri Mar 13 18:35:36 +0000 2015,usrId pam s canadian ; hence httpAddress httpAddress but mother s day this sunday ?! #confused,Not related or irrelevant
576457536959832064,Fri Mar 13 18:59:21 +0000 2015,httpAddress her and siya snowiie pam is make up twitter,Not related or irrelevant
576449114793111552,Fri Mar 13 18:25:53 +0000 2015,bigger than bola in DD i feel old and concerned all at httpAddress http httpAddress dxy9lvypms #cyclonepam,Caution and advice
576457273821827073,Fri Mar 13 18:58:18 +0000 2015,tropical cyclone nathan crawling in nasa satellite imagery nasa goddard space flight center tropical cyclone nat http httpAddress wls1uvjtrm,Other relevant information
576452432265265152,Fri Mar 13 18:39:04 +0000 2015,latest warning graphic for tropical cyclone pam http httpAddress tphpaxkksu,Other relevant information
576446028368474112,Fri Mar 13 18:13:37 +0000 2015,7th grade news pam geller blind to irony sez jon stewart s the most disgusting jew on the planet ! http httpAddress ymgh8sp4oz #ragingwingnuts,Not related or irrelevant
576457948878282752,Fri Mar 13 19:00:59 +0000 2015,usrId a cyclone .,Not related or irrelevant
576450526742601729,Fri Mar 13 18:31:30 +0000 2015,pam near httpAddress http httpAddress ggpj70mkqs,Other relevant information
576448862186909696,Fri Mar 13 18:24:53 +0000 2015,#prayers for #vanautu #pam go away,Sympathy and emotional support
576447294637129728,Fri Mar 13 18:18:39 +0000 2015,i miss pam,Not related or irrelevant
576452457682853888,Fri Mar 13 18:39:10 +0000 2015,well typhoon pam is certainly terrifying http httpAddress gyfhnxulfo,Other relevant information
576452670556364801,Fri Mar 13 18:40:01 +0000 2015,suzanne jenkins #free #kindle the tao of pam pam of babylon book # D romance series family http httpAddress 7bo23eymhh,Not related or irrelevant
576452498531045376,Fri Mar 13 18:39:20 +0000 2015,i hope you guys are okay over there httpAddress,Sympathy and emotional support
576453624047374336,Fri Mar 13 18:43:48 +0000 2015,summer cyclone bavi brewing moving to philippines abs cbn news http httpAddress 0zoldemtmf #typhoon,Not related or irrelevant
576454651119288322,Fri Mar 13 18:47:53 +0000 2015,usrId have a lovely holiday httpAddress if you need us you know where we httpAddress mj,Not related or irrelevant
576456230736130048,Fri Mar 13 18:54:10 +0000 2015,south pacific cyclone kills dozens http httpAddress 8vqts2pmv7,Injured or dead people
576448545844137985,Fri Mar 13 18:23:37 +0000 2015,#vente #mnage #3 dyson dc33c origin aspirateur sans sac technologie radial root cyclone httpAddress http httpAddress bxmbkcrb9c #repassage #maison,Not related or irrelevant
576451600589303808,Fri Mar 13 18:35:46 +0000 2015,cyclone lam rains cause manganese spills at bhp billiton mine in nt officials http httpAddress 2ixmzxsggs,Not related or irrelevant
576446080017125376,Fri Mar 13 18:13:49 +0000 2015,#surf DD DD severe tropical cyclone pam update http httpAddress icscbd7g3d #surfline,Other relevant information
576447345283432448,Fri Mar 13 18:18:51 +0000 2015,cyclone hits island nation of vanuatu http httpAddress 1cifc6jb9g,Other relevant information
576452223686709248,Fri Mar 13 18:38:14 +0000 2015,ifrc releasing usd132 DD from disaster response emergency fund #dref to support vanuatu initial damage assessments usrId #tcpam,Money
576456142072627200,Fri Mar 13 18:53:48 +0000 2015,in pictures how #redcross prepares for disasters like #tcpam w communities in the pacific usrId usrId http httpAddress xyclu60gj6,Other relevant information
576449693825294337,Fri Mar 13 18:28:11 +0000 2015,actu kendall schmidt httpAddress esta semana are you saying pan ? or pam ? one of my favorite httpAddress http httpAddress nkl58ro8ur,Not related or irrelevant
576447765225439232,Fri Mar 13 18:20:31 +0000 2015,my heart and prayers are with my #vanuatu friends as they face #cyclonepam,Sympathy and emotional support
576449837639593984,Fri Mar 13 18:28:45 +0000 2015,#cyclonepam is hammering pacific #sids kiribati tuvalu solomon isl amp ; now httpAddress hope #sendai2015 meeting on #disaster gets the message,Not related or irrelevant
576453790250860544,Fri Mar 13 18:44:28 +0000 2015,tropical cyclone pam hits island nation of vanuatu in s . pacific w winds of DD httpAddress worst in island history ? http httpAddress xnyr6d0s43,Other relevant information
576448723984715776,Fri Mar 13 18:24:20 +0000 2015,3r 1h 2e pam pam D bow D mid 6th recap https httpAddress cbsygjwvoz,Not related or irrelevant
576455753671811072,Fri Mar 13 18:52:16 +0000 2015,clsicos del reggaeton justawkwardgirl 1 . pam pam wisin amp ; httpAddress http httpAddress oaezqxnq7j,Not related or irrelevant
576450021274443776,Fri Mar 13 18:29:29 +0000 2015,georgia house approves cyberbullying bill pam dickerson a democrat from conyers says httpAddress http httpAddress ryj1sxx1qb #cyberbullying,Not related or irrelevant
576457674008752128,Fri Mar 13 18:59:54 +0000 2015,cool hot ! httpAddress helicopter drone httpAddress it s like inside an active volcano http httpAddress 3sqo2opumo,Not related or irrelevant
576448494984171520,Fri Mar 13 18:23:25 +0000 2015,our view for the weekend #geraldton #cyclone by v8jessi http httpAddress g8p2dp2vqk pic from http httpAddress yqdt8u9z5e http httpAddress r0wbwv3pqi,Not related or irrelevant
576455206558380033,Fri Mar 13 18:50:05 +0000 2015,iris would be nothing without pam though #isibaya,Not related or irrelevant
576449439788724224,Fri Mar 13 18:27:11 +0000 2015,cyclone,Not related or irrelevant
576448480912211968,Fri Mar 13 18:23:22 +0000 2015,the calm before the cyclone ! #sunset #geraldton #sky hub #skyporn #everythinggeraldton #geraldton #nofilter #theresacyclon http httpAddress a61rge3nna,Not related or irrelevant
576451209592111104,Fri Mar 13 18:34:12 +0000 2015,thinking of a friend on vanuatu in the south httpAddress he just arrived to do peace corps work but i have a feeling it will be more recovery,Sympathy and emotional support
576455221494300672,Fri Mar 13 18:50:09 +0000 2015,usrId usrId usrId usrId usrId usrId usrId don t mess with pam,Not related or irrelevant
576457415836741632,Fri Mar 13 18:58:52 +0000 2015,usrId yes mam pam .. gonna boozy oogy oogy,Not related or irrelevant
576451715785879553,Fri Mar 13 18:36:13 +0000 2015,usrId vanuatu battered by #supercyclone httpAddress vid http httpAddress shkwkkczew text http httpAddress aor25a9so5 #earth #love #change,Other relevant information
576452002328219648,Fri Mar 13 18:37:21 +0000 2015,cyclone pam hits vanuatu more than DD DD people at risk from category D tropical storm http httpAddress tqheaxypxc,Other relevant information
576456059734265856,Fri Mar 13 18:53:29 +0000 2015,ph call to httpAddress their httpAddress slept under httpAddress winds were httpAddress #cyclonepam,Personal updates
576447574996992000,Fri Mar 13 18:19:46 +0000 2015,islaam islaam islaam everybody is talking about islaam u know why it s not just a word it s a cyclone for bad people,Not related or irrelevant
576457771685560320,Fri Mar 13 19:00:17 +0000 2015,perth braces for storms from cyclone olwyn http httpAddress daoalkletw,Not related or irrelevant
576449056085569536,Fri Mar 13 18:25:39 +0000 2015,prayers to httpAddress,Sympathy and emotional support
576452303592505344,Fri Mar 13 18:38:33 +0000 2015,my latest for usrId #cyclonepam rips through #vanuatu island nation http httpAddress ulanikbwqe http httpAddress qmcytzovhf,Other relevant information
576456920590090240,Fri Mar 13 18:56:54 +0000 2015,pam is make up twitter,Not related or irrelevant
576453274523590656,Fri Mar 13 18:42:25 +0000 2015,thinking of our friends in vanuatu and hoping everyone is httpAddress #cyclonepam,Sympathy and emotional support
576451879552471040,Fri Mar 13 18:36:52 +0000 2015,vanuatu hit by powerful cyclone sky newsaustralia http httpAddress ba0wfqzv98,Other relevant information
576446173893906434,Fri Mar 13 18:14:12 +0000 2015,avast ! #vanuatu hit by powerful cyclone http httpAddress doyuy3jorb #category5cyclone #northeasternislands #unconfirmedreports,Other relevant information
576445725355040768,Fri Mar 13 18:12:25 +0000 2015,ufosfacts news monster category D cyclone makes direct hit on vanuatu kind of surprised i httpAddress http httpAddress d9zudtuirw #ufos #ovnis,Other relevant information
576457772406951936,Fri Mar 13 19:00:17 +0000 2015,usrId k usrId that s httpAddress let s hope #vanuatu httpAddress,Not related or irrelevant
576457642047979520,Fri Mar 13 18:59:46 +0000 2015,as #vanuatu is a great surfing location i have a soft spot for those facing major rough weather httpAddress http httpAddress 2omqeqtga5,Sympathy and emotional support
576453126326239233,Fri Mar 13 18:41:49 +0000 2015,cyclone nathan is near stationary off the coast of cape melville and is expected to intensify later httpAddress http httpAddress rvle6inkt8,Other relevant information
576455407566192641,Fri Mar 13 18:50:53 +0000 2015,damn httpAddress http httpAddress iwpscfoyph,Other relevant information
576456603131506688,Fri Mar 13 18:55:38 +0000 2015,how fabulous is pam s paisley poncho sweater ?! i m in love with all the colors ! get your copy of the pattern httpAddress http httpAddress fkqqxrcwio,Not related or irrelevant
576451987413204992,Fri Mar 13 18:37:18 +0000 2015,usrId #cyclonepam a category D storm hits httpAddress http httpAddress ndtiuwp9dc unicef stands ready to httpAddress http httpAddress prejaun0mz,Volunteer or professional services
576451360444428288,Fri Mar 13 18:34:48 +0000 2015,usrId holly molly !! pam tillis thebest singer songwriter she also wares some kick a s shoes retwitted favorite this huge h townfan,Not related or irrelevant
576445746418819072,Fri Mar 13 18:12:30 +0000 2015,dozens feared dead after cyclone pam hits vanuatu bbcnews http httpAddress ibnuitqtwc,Other relevant information
576446249739509761,Fri Mar 13 18:14:30 +0000 2015,twitter buzz for stone mountain access systems http httpAddress xkbusarr2z rt usrId join me amp ; lady pam tomorrow at the stone httpAddress,Not related or irrelevant
576456706865102848,Fri Mar 13 18:56:03 +0000 2015,us cyclone use crash users clinton,Not related or irrelevant
576457724088737794,Fri Mar 13 19:00:06 +0000 2015,cyclone pam hits #vanuatu more than DD DD people at risk from category D tropical storm http httpAddress wl42zvftz1,Not related or irrelevant
576480809613332480,Fri Mar 13 20:31:50 +0000 2015,hope #cyclonepam is not being an ass the early reports are not httpAddress love to the httpAddress,Sympathy and emotional support
576533711946166272,Sat Mar 14 00:02:03 +0000 2015,the sydney morning gt ; locals head for caves as pam bears down http httpAddress 31fmsfjubb,Displaced people
576533273918115840,Sat Mar 14 00:00:18 +0000 2015,tense wait as hubby and i try calling fam on #tanna both tvl and usrId networks still down from #tcpam,Personal updates
576471492944334848,Fri Mar 13 19:54:48 +0000 2015,thinking of all the people in the pacific httpAddress #cyclonepam,Sympathy and emotional support
576464888979202049,Fri Mar 13 19:28:34 +0000 2015,thinking about my family #cyclonepam #vanuatu,Sympathy and emotional support
576492020790751232,Fri Mar 13 21:16:23 +0000 2015,this is absolutely httpAddress so many deaths httpAddress usrId #cyclonepam now moving over tanna httpAddress http httpAddress tcrn8nkaur,Other relevant information
576458578053185536,Fri Mar 13 19:03:29 +0000 2015,usrId lest we httpAddress http httpAddress xjzay5zzvq pam loml omg,Not related or irrelevant
576463975082168320,Fri Mar 13 19:24:56 +0000 2015,cyclone pam sounds like it s really httpAddress i m really worried about usrId and really hope her ship doesn t attempt to go through it,Personal updates
576499204136312833,Fri Mar 13 21:44:55 +0000 2015,for information the government has a DD hour consular emergency helpline DD DD httpAddress #cyclonepam #today9,Caution and advice
576537335564627968,Sat Mar 14 00:16:27 +0000 2015,cyclone pam thinking of vanuatu my adopted big brother rodney and is wife jennith and little baba hope you are all well,Sympathy and emotional support
576508474420518912,Fri Mar 13 22:21:45 +0000 2015,oxfam is now preparing to respond to what is likely one of the worst cyclones ever seen in the pacific httpAddress #cyclonepam,Other relevant information
576460616321277952,Fri Mar 13 19:11:35 +0000 2015,south pacific cyclone kills dozens the un relief agency says there are reports of more than DD deaths httpAddress http httpAddress dmwfqro5hc,Injured or dead people
576458767723790336,Fri Mar 13 19:04:14 +0000 2015,cyclone pam leaving a trail of devastation in pacific ocean http httpAddress weohsjxqbf #iran,Other relevant information
576473682102484992,Fri Mar 13 20:03:30 +0000 2015,unconfirmed report DD people have died in penama province vanuatu #cyclonepam http httpAddress 18aoni90yd,Injured or dead people
576498459445891072,Fri Mar 13 21:41:58 +0000 2015,the poorest people in the poorest countries get smashed by extreme weather events caused by the richest nations #climatechange #cyclonepam,Not related or irrelevant
576461729183461376,Fri Mar 13 19:16:01 +0000 2015,if i was on a deserted island amp ; could only bring D things i d bring leonardo dicaprio justin timberlake and matthew mcconaughey,Not related or irrelevant
576462951420395520,Fri Mar 13 19:20:52 +0000 2015,usrId #hamr #hamradio there are specific frequencies or information ? #tcpam #cyclonepam #emcomm #radio #afu #funk #shortwave,Other relevant information
576459797270138880,Fri Mar 13 19:08:20 +0000 2015,heavy rain all night here in #tonga at #cyclonepam httpAddress hate to think of #vanuatu impacts #earthwindmap http httpAddress wffbyzz99i,Other relevant information
576460258710683648,Fri Mar 13 19:10:10 +0000 2015,prayers for the people in vanuatu,Sympathy and emotional support
576526252749778944,Fri Mar 13 23:32:24 +0000 2015,portvila comms patchy power down no water shelter needs enormous gvtofaustralia fly over as soon as weather allows #tcpam usrId,Other relevant information
576544811877994496,Sat Mar 14 00:46:09 +0000 2015,devastating storm pounds pacific island of vanuatu afp http httpAddress bzflxc04is auto pickup by wikyou,Other relevant information
576492121206603777,Fri Mar 13 21:16:47 +0000 2015,spare a thought for our brothers amp ; sisters in #vanuatu today donate to usrId disaster relief now http httpAddress fvbnawb1h9 #cyclonepam,Sympathy and emotional support
576487784120217600,Fri Mar 13 20:59:33 +0000 2015,#vanuatu i know it is hard #cyclonepam all i can say is lots of love lt ;3 lt ;3 lt ;3,Sympathy and emotional support
576473190098157568,Fri Mar 13 20:01:33 +0000 2015,photos nasa images of the three headed cyclone monster swarming the south pacific http httpAddress iqcpndubc9 via usrId ocean s httpAddress,Other relevant information
576536963429376000,Sat Mar 14 00:14:58 +0000 2015,https httpAddress bqkcsjqoll #video #cyclone #pam causes heavy damage in #portvila #vanuatu DD DD 2015 #cyclonepam usrId,Infrastructure and utilities
576479131178680320,Fri Mar 13 20:25:09 +0000 2015,the destructive eyewall of #cyclonepam now moving over the vanuatu s tanna httpAddress population approx DD httpAddress http httpAddress uibzp4rtek,Other relevant information
576487629396525056,Fri Mar 13 20:58:56 +0000 2015,busy month in the tropics if you re in the pacific nathan amp ; pam especially amp ; olwyn amp ; httpAddress perhaps the atlantic needs new httpAddress,Other relevant information
576489456351449088,Fri Mar 13 21:06:11 +0000 2015,#cyclonepam #tcpam #pam #jtwc #vanuatu #fiji live cams http httpAddress zb63emkswd http httpAddress 4rwwfo2byw,Other relevant information
576491981431529473,Fri Mar 13 21:16:13 +0000 2015,we can t b awesome everything usrId plaza overrun w people n #cyclone gear parallel parking poorly usrId #teachthemtopark,Not related or irrelevant
576481843945476096,Fri Mar 13 20:35:56 +0000 2015,hoping that #aus gov agencies are currently assessing support we will be sending to #vanuatu amp ; how quickly it httpAddress #cyclonepam #auspol,Other relevant information
576460887688634368,Fri Mar 13 19:12:40 +0000 2015,sending big hugs from the team to volunteer usrId for her monitoring during #tcpam #hmrd,Sympathy and emotional support
576488021979230208,Fri Mar 13 21:00:29 +0000 2015,usrId in a bedroom without roof or ceiling trying to stay httpAddress little kai D must be httpAddress #vanuatu #cyclonepam,Personal updates
576480161270484992,Fri Mar 13 20:29:15 +0000 2015,good morning here is your local weather for saturday DD D DD mary weather situation tropical httpAddress http httpAddress ukkztslm0j,Other relevant information
576463365771378689,Fri Mar 13 19:22:31 +0000 2015,cyclone pam latest news httpAddress saturday 14th if you want to see the latest news until communications httpAddress http httpAddress cgydxsdnsc,Caution and advice
576501735453151232,Fri Mar 13 21:54:59 +0000 2015,urgent ! cat5 cyclone pam directly hit vanuatu bible school DD DD people safe inside our bldg but no food water httpAddress aimers httpAddress,Personal updates
576468775228219392,Fri Mar 13 19:44:00 +0000 2015,extremely powerful #cyclone has hit capital of vanuatu port vila raising fears of mass devastation http httpAddress buvn6rznqs #cyclonepam,Infrastructure and utilities
576483967727087616,Fri Mar 13 20:44:23 +0000 2015,eye of cat D #cyclonepam in view on new caledonia s radar http httpAddress 4c0knnbgvq,Other relevant information
576493816783331328,Fri Mar 13 21:23:31 +0000 2015,D D million people affected from #tcpam #vanuatu usrId,Other relevant information
576496881301356544,Fri Mar 13 21:35:41 +0000 2015,#geraldton #mullewa #wawx #olwyn #cyclone #australia #wx #news cat D #tcolwyn is inland from #kalbarri amp ; httpAddress http httpAddress 5smkxdxfco,Not related or irrelevant
576498971830431745,Fri Mar 13 21:44:00 +0000 2015,climate change gives cyclones more energy more heat over warmer httpAddress the rich world must stop burning coal now ! #solar #cyclonepam,Not related or irrelevant
576494213166211072,Fri Mar 13 21:25:05 +0000 2015,usrId super #cyclonepam has made landfall lve updates from unicef http httpAddress b8uki3qo3n usrId usrId,Other relevant information
576539711713501184,Sat Mar 14 00:25:53 +0000 2015,#pakistan #news devastating storm pounds pacific island of vanuatu suva afp a devastating tropical httpAddress http httpAddress kbz2mwu9wx,Other relevant information
576485678667554816,Fri Mar 13 20:51:11 +0000 2015,rt usrId #cyclonepam batters httpAddress http httpAddress j62n3bfjx9 http httpAddress uhjl6qnmtj,Other relevant information
576489751756206081,Fri Mar 13 21:07:22 +0000 2015,httpAddress blog for latest info for nz http httpAddress isi1zdysdm #tcpam #auckland http httpAddress yne0qeky7q,Other relevant information
576521752869666816,Fri Mar 13 23:14:31 +0000 2015,feeling for the people of vanuatu right httpAddress especially all those staying in less than solid concrete structures which will be DD .,Sympathy and emotional support
576490917856579584,Fri Mar 13 21:12:00 +0000 2015,usrId vanuatu need to closely watch tc nathan ; track has it turning httpAddress people need 2b secured asap if there s a time httpAddress,Caution and advice
576484803312242688,Fri Mar 13 20:47:42 +0000 2015,i will update upon getting any httpAddress #tcpam #pam #jtwc #vanuatu updates here once i get cams back http httpAddress f8zutct5up,Personal updates
576495987172098048,Fri Mar 13 21:32:08 +0000 2015,wow hope my family is coping ok with this sounds horrendous http httpAddress ig2rhjzug1 #cyclonepam,Sympathy and emotional support
576492074910007296,Fri Mar 13 21:16:36 +0000 2015,lifting prayers for all enduring and in the aftermath of tropical cyclone httpAddress thinking especially of friends in vanuatu and solomon islands,Sympathy and emotional support
576466546748485634,Fri Mar 13 19:35:09 +0000 2015,south pacific cyclone kills dozens http httpAddress aeqf09q7ke,Injured or dead people
576545168624623616,Sat Mar 14 00:47:34 +0000 2015,https httpAddress fhczlfemji #video #cyclone #pam causes heavy #damage in #portvila #vanuatu DD DD 2015 #cyclonepam #askansel #ausgp,Infrastructure and utilities
576481056238485504,Fri Mar 13 20:32:48 +0000 2015,pam is one big old gal she s a cat D they don t come any bigger ! she s 2D0 km h wind and a central pressure httpAddress http httpAddress 1hhutzwf10,Other relevant information
576458545903898625,Fri Mar 13 19:03:22 +0000 2015,our planet right now via living earth app http httpAddress epamqtfw4z #pam #nouvellecaledonie http httpAddress 3wmoixk2di,Not related or irrelevant
576518726050148352,Fri Mar 13 23:02:30 +0000 2015,bsgn small pacific nation of vanuatu hit by powerful cyclone an extremely powerful cyclone blew over islands .. http httpAddress cwjxeptlhl,Other relevant information
576508267964203008,Fri Mar 13 22:20:56 +0000 2015,useful httpAddress usrId #vanuatu reports from usrId usrId usrId usrId amp ; more on #cyclonepam http httpAddress d0h3ex4x18 #tcpam,Other relevant information
576494627424878592,Fri Mar 13 21:26:44 +0000 2015,flooding destructive winds as #cyclonepam hits #vanuatu http httpAddress hnvq0ikxp7 via usrId #tcpam usrId usrId,Other relevant information
576478152806957056,Fri Mar 13 20:21:16 +0000 2015,philip duncan what happens next with cyclone pam after vanuatu ? D maps http httpAddress bzlistkaDk http httpAddress 9lxv1ilyiq usrId,Other relevant information
576534047779786752,Sat Mar 14 00:03:23 +0000 2015,deaths feared as cyclone pam crosses vanuatu and heads for new zealand cyclone pam has intensified as it moves http httpAddress fijdnuh3p1,Injured or dead people
576459253361311744,Fri Mar 13 19:06:10 +0000 2015,south pacific s #vanuatu hammered by DD mph tropical cyclone http httpAddress ro2txxchxm #extremeweather,Other relevant information
576491219037118464,Fri Mar 13 21:13:11 +0000 2015,#cycloneolwyn is heading down httpAddress httpAddress first cyclone to reach geraldton since httpAddress usrId cooper9 has the weather updates #today9,Other relevant information
576498938045444096,Fri Mar 13 21:43:52 +0000 2015,hope things aren t too bad in vanuatu this morning #cyclonepam,Sympathy and emotional support
576529213257220096,Fri Mar 13 23:44:10 +0000 2015,locals head for caves as pam bears down http httpAddress wcnkhnt42m news #brisbane #qld,Displaced people
576461135618011136,Fri Mar 13 19:13:39 +0000 2015,yay its the httpAddress now lets see how this #cyclonepam httpAddress think shes showing up here in hawkes bay new zealand tomorrow,Other relevant information
576498901731020800,Fri Mar 13 21:43:43 +0000 2015,#cyclonepam still tearing through httpAddress much bigger than expected says our colleague in port httpAddress initial reports of devastation,Other relevant information
576481283179569152,Fri Mar 13 20:33:43 +0000 2015,cyclone pam is coming and is now category 5 . o joy !,Other relevant information
576511566905880576,Fri Mar 13 22:34:03 +0000 2015,my thoughts are no where but with you vanuatu #vanuatu https httpAddress sx0ygxigxq,Sympathy and emotional support
576463528170680321,Fri Mar 13 19:23:09 +0000 2015,photos nasa released images of the three headed cyclone monster swarming .. quartz http httpAddress qmq5tqagrh #news,Caution and advice
576474766347018240,Fri Mar 13 20:07:49 +0000 2015,rt usrId monster storm hits vanuatu http httpAddress f94m3giilb,Other relevant information
576463785839312896,Fri Mar 13 19:24:11 +0000 2015,cyclone olwyn weakens but still threatens http httpAddress grxkb0nuv4,Other relevant information
576490834083737600,Fri Mar 13 21:11:40 +0000 2015,video #cyclonepam httpAddress hits vanuatu island http httpAddress lrxy0zcdnp,Other relevant information
576470602577526784,Fri Mar 13 19:51:16 +0000 2015,#media wait a few days b f reporting casualty httpAddress they are never right amp ; needlessly upsets family amp ; friends #cyclonepam #pam,Other relevant information
576461918602416128,Fri Mar 13 19:16:46 +0000 2015,monster storm hits vanuatu http httpAddress ng7d3pnatk,Other relevant information
576524499752910848,Fri Mar 13 23:25:26 +0000 2015,port vila vanuatu real time weather #cyclonepam http httpAddress w8b8r6uinc,Other relevant information
576461794975178752,Fri Mar 13 19:16:16 +0000 2015,south pacific cyclone kills dozens http httpAddress xwubbgtj6q,Injured or dead people
576543832973570048,Sat Mar 14 00:42:16 +0000 2015,httpAddress with vanuatu this morning sounds like a httpAddress #cyclonepam keep your heads down #nz its heading httpAddress you dont need a cat5,Sympathy and emotional support
576469128321585152,Fri Mar 13 19:45:25 +0000 2015,weatherman richard green says the main thrust of tropical cyclone pam is likely to hit northern parts of nz late tomorrow and on httpAddress,Caution and advice
576507227340697600,Fri Mar 13 22:16:48 +0000 2015,after a last min change of course to the west #cyclonepam made direct hit on the vanuatu archipelago last night w winds of up to httpAddress,Other relevant information
576485052797693952,Fri Mar 13 20:48:41 +0000 2015,public works dept starting to clear roads to get to injured #tcpam #cyclonepam,Infrastructure and utilities
576525473628307457,Fri Mar 13 23:29:18 +0000 2015,those poor vanuatu peops ! #cyclonepam,Sympathy and emotional support
576550196877922305,Sat Mar 14 01:07:33 +0000 2015,usrId #cyclonepam flooding destructive winds up to 240kmh bearing down on #vanuatu #tcpam http httpAddress bxsbiygsas,Other relevant information
576461017187745792,Fri Mar 13 19:13:11 +0000 2015,it may be a day or two before we see or hear any real news out of httpAddress,Other relevant information
576530438497247233,Fri Mar 13 23:49:02 +0000 2015,samaritan s purse deploying assessment team to vanuatu as soon as port vila international airport is httpAddress #cyclonepam,Other relevant information
576461953251602432,Fri Mar 13 19:16:54 +0000 2015,ive cried way too many times watching jim and pam httpAddress,Not related or irrelevant
576471091583049728,Fri Mar 13 19:53:13 +0000 2015,south pacific cyclone kills dozens http httpAddress morlmlw0pb,Injured or dead people
576501065966870528,Fri Mar 13 21:52:19 +0000 2015,mother nature is very very httpAddress with a httpAddress #cyclonepam http httpAddress napd9efqni,Other relevant information
576488909393117184,Fri Mar 13 21:04:01 +0000 2015,#vanuatumany feared dead after #cyclonepam rips across tiny pacific island of DD DD http httpAddress ftlgkynjz5 http httpAddress j11infgxq2,Injured or dead people
576479179513856001,Fri Mar 13 20:25:21 +0000 2015,rt usrId uw adt estimates #pam now below DD mb . very intense convection in n . httpAddress cat D soon ? http httpAddress cnmosdc7ox where ?,Other relevant information
578469312328957952,Thu Mar 19 08:13:26 +0000 2015,we now speak to usrId whose daughter zoe marshall is still missing in vanuatu after #tcpam #theprojecttv,"Missing, trapped, or found people"
577294869997088768,Mon Mar 16 02:26:37 +0000 2015,reports from port vila indicate there are major food shortages as thousands of people crowd into evacuation centres #cyclonepam,Shelter and supplies
577350178618802176,Mon Mar 16 06:06:23 +0000 2015,video australia and nz fly aid to vanuatu http httpAddress vwodncye3n your pr here http httpAddress dbucg2wuxy,Volunteer or professional services
576617791484260352,Sat Mar 14 05:36:09 +0000 2015,cyclone pam lashes vanuatu with category D winds usrId http httpAddress gqpmcftzup,Other relevant information
577320217870630912,Mon Mar 16 04:07:20 +0000 2015,the struggle to bring aid to vanuatu ; at least three people feared dead in a plane crash near wanaka ; and an x factor axe for httpAddress,Injured or dead people
577304574597292032,Mon Mar 16 03:05:11 +0000 2015,usrId it s scary what happened in vanuatu though like there are people missing and who lost their lives ! it makes me so sad,"Missing, trapped, or found people"
576581972719337472,Sat Mar 14 03:13:49 +0000 2015,really feel for the people in httpAddress such a beautiful country and it s so httpAddress hope all is good #prayforthepacific #cyclonepam,Sympathy and emotional support
576571756217024513,Sat Mar 14 02:33:13 +0000 2015,https httpAddress jec6dqy3qk raw #video #cyclone #pam made #landfall in #portvila #vanuatu DD DD 2015 #cyclonepam unbelievable #destruction,Infrastructure and utilities
576579309743140865,Sat Mar 14 03:03:14 +0000 2015,#cyclonepam cyclone pam vanuatu cyclone dozens feared dead http httpAddress bbxlkv http httpAddress u9fzzeqlwj,Other relevant information
577372775360421889,Mon Mar 16 07:36:11 +0000 2015,we urgently need your help to provide emergency relief to remote communities in httpAddress donate here http httpAddress jgibg2g0zs #cyclonepam,Volunteer or professional services
576596637511876608,Sat Mar 14 04:12:05 +0000 2015,news vanuatu devastating storm pounds pacific island of vanuatu http httpAddress siixk5mcuk,Other relevant information
576560194580135936,Sat Mar 14 01:47:17 +0000 2015,locals head for caves as pam bears down http httpAddress gjchysiqzf #kca #votejkt48id,Displaced people
577350899896471552,Mon Mar 16 06:09:15 +0000 2015,#vanuatu mt usrId DD DD likely httpAddress every school httpAddress evac centres httpAddress health facilities httpAddress #cyclonepam,Displaced people
576574884026847232,Sat Mar 14 02:45:39 +0000 2015,from entrepreneur devastating storm pounds pacific island of vanuatu suva fiji afp a devastating httpAddress http httpAddress 0oxc4snpga,Other relevant information
577391346064867328,Mon Mar 16 08:49:58 +0000 2015,#world monster cyclone strikes a heavy toll in vanuatu more than DD DD people are httpAddress http httpAddress iay7mxkagm via httpAddress,Other relevant information
577329417438920704,Mon Mar 16 04:43:54 +0000 2015,our thoughts are with those affected by #cyclonepam please share our resources on flood httpAddress http httpAddress mvflheosz9,Infrastructure and utilities
577379272530239488,Mon Mar 16 08:02:00 +0000 2015,when will usrId be launching a #cyclonepam appeal ? people are asking where they can donate !,Volunteer or professional services
576600239307669504,Sat Mar 14 04:26:24 +0000 2015,follow the horrific #cyclonepam in the pacific ? http httpAddress xuhtefzlh6 #tcpam liveblog here gt ; gt ; http httpAddress eg37dwwiu8 lt ; lt ; via usrId,Other relevant information
576596600065105921,Sat Mar 14 04:11:56 +0000 2015,dozens feared dead after #cyclonepam pounds vanuatu archipelago in south pacific http httpAddress ir4ogifuve http httpAddress p7tjk6scsx,Other relevant information
576629440253296640,Sat Mar 14 06:22:26 +0000 2015,rt amp ; help ! paa is raising funds thru just giving D devastated vanuatu hit by 305kpm winds2clean up hazardous httpAddress https httpAddress l7t0jglm6l,Money
577307088910585856,Mon Mar 16 03:15:10 +0000 2015,mt usrId updates civdefence update httpAddress #tcpam DD ppl in total have now moved out of their httpAddress http httpAddress mrlhgm6r6a #gisborne #nz,Displaced people
577396878242885632,Mon Mar 16 09:11:57 +0000 2015,we ll pray for the victimes and we hope that the international community will provide them an adequat help #cyclonepam,Sympathy and emotional support
577393222378528768,Mon Mar 16 08:57:26 +0000 2015,last week s strongest of D #cyclones #pam brought cat5 destruction to #vanuatu affecting 1D2k httpAddress 60k of that httpAddress #unicef 5am,Injured or dead people
576555168239460352,Sat Mar 14 01:27:18 +0000 2015,deadly cyclone pam hits pacific islands with dozens feared dead in vanuatu http httpAddress eo4vhzpyac,Injured or dead people
577306994924609537,Mon Mar 16 03:14:48 +0000 2015,wild weather caused by ex tropical #cyclonepam has caused dozens of people to be httpAddress http httpAddress corwju2ded,Displaced people
576554520982896640,Sat Mar 14 01:24:44 +0000 2015,bishop australia has a crisis response team ready to go to assist our high commission in port vila httpAddress #cyclonepam,Other relevant information
577337350256218112,Mon Mar 16 05:15:25 +0000 2015,#cyclonepam death toll may rise after worst natural disaster in living httpAddress read usrId with usrId http httpAddress k0dvclafwk,Injured or dead people
577326434752053248,Mon Mar 16 04:32:02 +0000 2015,#vanuatu #tanna corrugated iron houses destroyed concrete buildings lost roofs trees ripped out http httpAddress gj7rks4zuc #tcpam #hmrd via,Infrastructure and utilities
577385811827691520,Mon Mar 16 08:27:59 +0000 2015,what mates are for new zealand aid reconstruction flights already on way in #vanuatu dealing with #cyclonepam http httpAddress tphh8sy4py,Volunteer or professional services
576559662398447616,Sat Mar 14 01:45:10 +0000 2015,carnarvon battered as weaker cyclone olwyn continues down wa httpAddress #perthnews http httpAddress h7m5xjxfep,Not related or irrelevant
578573588782931969,Thu Mar 19 15:07:47 +0000 2015,tropical cyclone pam australian officials locate five missing volunteers in vanuatu http httpAddress 10kj3jvczr #ann,"Missing, trapped, or found people"
577323469471264768,Mon Mar 16 04:20:15 +0000 2015,#cyclonepam two more aust military planes loaded with much needed humanitarian supplies amp ; personnel are on way to cyclone devastated vanuatu,Volunteer or professional services
576575825593679872,Sat Mar 14 02:49:23 +0000 2015,#business devastating storm pounds pacific island of vanuatu http httpAddress avygue7vok http httpAddress ouisbxjl5b,Other relevant information
577294119241826304,Mon Mar 16 02:23:38 +0000 2015,meanwhile foreign min julie bishop is speaking at dfat hq saying australia has sent three military planes with supplies to vanuatu #auspol,Shelter and supplies
576619380567453696,Sat Mar 14 05:42:28 +0000 2015,sounds like things are very bad for people in vanuatu,Personal updates
576568873425731584,Sat Mar 14 02:21:46 +0000 2015,http httpAddress ojq0infq9c #uk cyclone batters pacific island nation of vanuatu un fears the worst daily mail,Caution and advice
577365784118198272,Mon Mar 16 07:08:24 +0000 2015,want to help #vanuatu after #cyclonepam but dont know where to start ? add here your offers of tech support http httpAddress w4tflt4m7u,Volunteer or professional services
576558385073508352,Sat Mar 14 01:40:05 +0000 2015,devastation hits vanuatu with any httpAddress exact # of fatalities unknown,Injured or dead people
576559726424502272,Sat Mar 14 01:45:25 +0000 2015,ex #cycloneolwyn trajectory down through western australia http httpAddress 5rxivhezhx via usrId au usrId http httpAddress 940azgs3od,Other relevant information
577377613896900608,Mon Mar 16 07:55:24 +0000 2015,very sad DD DD people likely httpAddress every school httpAddress evacuation centres httpAddress health facilities httpAddress #vanuatu #pray,Displaced people
576641145880489984,Sat Mar 14 07:08:57 +0000 2015,to everyone following this just heard from my dad after httpAddress damage to property is devastating but he s httpAddress,Infrastructure and utilities
577336060021207040,Mon Mar 16 05:10:17 +0000 2015,#vanuatu appeal httpAddress help people in the most remote northern islands anglican httpAddress donate here http httpAddress idlmjoyqtr #cyclonepam,Volunteer or professional services
577317871669239808,Mon Mar 16 03:58:01 +0000 2015,coastal areas evacuated as cyclone pam batters new zealand http httpAddress gp9reov9w2 #cyclonepam #newzealand #gisborne #wave,Displaced people
577360556392194048,Mon Mar 16 06:47:38 +0000 2015,rt usrId DD DD people likely httpAddress every school httpAddress evacuation centres httpAddress health facilities httpAddress #cyclonepam,Displaced people
576587328761671680,Sat Mar 14 03:35:06 +0000 2015,shorter abbott we ll do everything reasonably appropriate to assist the people of vanuatu but first what s in it for us ? #auspol,Personal updates
577306376701014016,Mon Mar 16 03:12:20 +0000 2015,D hrs ago #earthquake D . 3 has hit malao vanuatu httpAddress 1D DD gmt D emsc http httpAddress lw3humq9zy,Other relevant information
576590954255224832,Sat Mar 14 03:49:30 +0000 2015,#cyclonepam cyclone pam vanuatu cyclone dozens feared dead http httpAddress ueuntenyq2 http httpAddress b1yxldvbtd,Injured or dead people
577352151019728896,Mon Mar 16 06:14:14 +0000 2015,vanuatu on our httpAddress its people on our httpAddress what hurricane pam wiped out we shall build with courage amp ; httpAddress support vanuatu httpAddress,Sympathy and emotional support
576645982907060224,Sat Mar 14 07:28:10 +0000 2015,my heart goes out to vanuatu beautiful people and a beautiful httpAddress please consider giving support to their httpAddress #vanuatu,Sympathy and emotional support
577372497634549760,Mon Mar 16 07:35:05 +0000 2015,#cyclonepam destroys damages DD of vanuatu s infrastructure more on ucb uk with usrId amp ; usrId next http httpAddress 3mo0mxvbiw,Infrastructure and utilities
577372024407924736,Mon Mar 16 07:33:12 +0000 2015,monster cyclone pam damaged DD of buildings DD march DD D DD monster cyclone pam damaged DD of buildings http httpAddress vqhnDchsbu,Infrastructure and utilities
577380439817469953,Mon Mar 16 08:06:38 +0000 2015,vanuatu cyclone pam wiped out development bbc news cyclone pam has wiped out development in vanuatu httpAddress http httpAddress 5aetwtv2ko,Infrastructure and utilities
576591907528159233,Sat Mar 14 03:53:17 +0000 2015,#ndtv cyclone batters pacific island nation of vanuatu un fears the worst winds of up to DD kilometres an httpAddress http httpAddress c84qbh2efh,Other relevant information
576593444266708992,Sat Mar 14 03:59:24 +0000 2015,http httpAddress cy4mgzlbqd devastating storm pounds pacific island of vanuatu #headlinesapp,Other relevant information
576563004814155776,Sat Mar 14 01:58:27 +0000 2015,tropical #cyclonepam rips through pacific isles http httpAddress 3kab1ba67h,Other relevant information
576595732322455552,Sat Mar 14 04:08:29 +0000 2015,#cyclonepam destructive storm slams into vanuatu http httpAddress 8dwrxm7iuq,Other relevant information
576620689395855361,Sat Mar 14 05:47:40 +0000 2015,#nz mt usrId photo from clare in tuvalu to donate to people affected by #tcpam https httpAddress xopzhzfpm8 http httpAddress 1rqfeg2ert,Money
577369849292189696,Mon Mar 16 07:24:33 +0000 2015,#latestnews vanuatu leader says monster cyclone has wiped out island s development video dozens http httpAddress clm61pg9pt by usrId,Infrastructure and utilities
577337545270243328,Mon Mar 16 05:16:11 +0000 2015,http httpAddress pb5fwazfhn 5.3 richters has now struck vanuatu !! also 5.9 richter earthquakes at both indonesia and papua new guinea !!,Other relevant information
576558220799447040,Sat Mar 14 01:39:26 +0000 2015,at least DD people have died in cyclone that hit httpAddress http httpAddress fprh0hevx5 #auspol,Injured or dead people
576573999536189440,Sat Mar 14 02:42:08 +0000 2015,prayers go out to the people in vanuatu !! #cyclonepam #vanuatu,Sympathy and emotional support
577325952838975489,Mon Mar 16 04:30:08 +0000 2015,rescue effort begins in vanuatu after powerful pacific cyclone http httpAddress pbkojtlhth http httpAddress kn95iibuuh,Volunteer or professional services
576564100655874048,Sat Mar 14 02:02:48 +0000 2015,#dailymailnews powerful cyclone rips across vanuatu killing at least DD people and leaving thousands homeless httpAddress http httpAddress asxnjtyfzs,Other relevant information
577346702824214528,Mon Mar 16 05:52:35 +0000 2015,sky news monster cyclone pam damaged DD of buildings http httpAddress hmtxismly7,Infrastructure and utilities
576633565569404928,Sat Mar 14 06:38:50 +0000 2015,direct hit in capital #portvila #cyclonepam dozens feared dead in #vanuatu http httpAddress mgesvbx6ja via usrId aid httpAddress,Injured or dead people
577323918106710016,Mon Mar 16 04:22:02 +0000 2015,vanuatu is massive crises we should send D quid each to red cross who are doing their best to reach remote areas they need help,Money
577341449227804672,Mon Mar 16 05:31:42 +0000 2015,DD DD people likely httpAddress every school httpAddress evacuation centres httpAddress health facilities httpAddress #vanuatu #cyclonepam,Displaced people
576589233378312192,Sat Mar 14 03:42:40 +0000 2015,devastating storm pounds pacific island of vanuatu http httpAddress oz8ypgqiyl,Other relevant information
578478445014863872,Thu Mar 19 08:49:43 +0000 2015,#haiti httpAddress #vanuatu gov says aid agencies swarming in but not working in a co ordinated httpAddress http httpAddress uiopv5uaiw #cyclonepam,Other relevant information
576560012312649729,Sat Mar 14 01:46:33 +0000 2015,pam arches a brow of her own perfectly mirroring usrId s expression as she stares down at him http httpAddress kwca2ld31t,Not related or irrelevant
577375431554297856,Mon Mar 16 07:46:44 +0000 2015,i m sorry but clearly these people were living in shanty style httpAddress they were effectively homeless before #tcpam amp ; still httpAddress,Displaced people
576581346035822592,Sat Mar 14 03:11:19 +0000 2015,tropical cyclone pam kills at least four people in vanuatu wall street journal http httpAddress iavsqwkusb http httpAddress xwogt4wbf7,Injured or dead people
576561289469657088,Sat Mar 14 01:51:38 +0000 2015,i feel so bad for those people in httpAddress category D #tropicalcyclone #pam has destroyed that httpAddress,Sympathy and emotional support
576562100119580672,Sat Mar 14 01:54:51 +0000 2015,the once in a lifetime narrative about vanuatu #cyclonepam forgets that scientists have been warning of more amp ; worse cyclones for httpAddress,Caution and advice
577369483209211904,Mon Mar 16 07:23:06 +0000 2015,many people now lack the basics of life clean water food and httpAddress #vanuatu needs our httpAddress,Shelter and supplies
576562053080547328,Sat Mar 14 01:54:40 +0000 2015,agencies investigate reports of dozens of deaths in vanuatu http httpAddress gnokobbnmx #cyclonepam,Injured or dead people
576593526579798016,Sat Mar 14 03:59:43 +0000 2015,usrId usrId via sat phone from httpAddress everything ok . trees down and some roofs off no report of injuries #cyclonepam,Injured or dead people
576621418256863232,Sat Mar 14 05:50:33 +0000 2015,our thoughts are with you vanuatu #love2vanuatu #cyclonepam,Sympathy and emotional support
